-- MySQL dump 10.13  Distrib 5.7.23, for Linux (x86_64)
--
-- Host: localhost    Database: crc-database-data52
-- ------------------------------------------------------
-- Server version	5.7.23-0ubuntu0.16.04.1

/*!40101 SET @OLD_CHARACTER_SET_CLIENT=@@CHARACTER_SET_CLIENT */;
/*!40101 SET @OLD_CHARACTER_SET_RESULTS=@@CHARACTER_SET_RESULTS */;
/*!40101 SET @OLD_COLLATION_CONNECTION=@@COLLATION_CONNECTION */;
/*!40101 SET NAMES utf8 */;
/*!40103 SET @OLD_TIME_ZONE=@@TIME_ZONE */;
/*!40103 SET TIME_ZONE='+00:00' */;
/*!40014 SET @OLD_UNIQUE_CHECKS=@@UNIQUE_CHECKS, UNIQUE_CHECKS=0 */;
/*!40014 SET @OLD_FOREIGN_KEY_CHECKS=@@FOREIGN_KEY_CHECKS, FOREIGN_KEY_CHECKS=0 */;
/*!40101 SET @OLD_SQL_MODE=@@SQL_MODE, SQL_MODE='NO_AUTO_VALUE_ON_ZERO' */;
/*!40111 SET @OLD_SQL_NOTES=@@SQL_NOTES, SQL_NOTES=0 */;

--
-- Table structure for table `auth_group`
--

DROP TABLE IF EXISTS `auth_group`;
/*!40101 SET @saved_cs_client     = @@character_set_client */;
/*!40101 SET character_set_client = utf8 */;
CREATE TABLE `auth_group` (
  `id` int(11) NOT NULL AUTO_INCREMENT,
  `name` varchar(80) NOT NULL,
  PRIMARY KEY (`id`),
  UNIQUE KEY `name` (`name`)
) ENGINE=InnoDB DEFAULT CHARSET=latin1;
/*!40101 SET character_set_client = @saved_cs_client */;

--
-- Dumping data for table `auth_group`
--

LOCK TABLES `auth_group` WRITE;
/*!40000 ALTER TABLE `auth_group` DISABLE KEYS */;
/*!40000 ALTER TABLE `auth_group` ENABLE KEYS */;
UNLOCK TABLES;

--
-- Table structure for table `auth_group_permissions`
--

DROP TABLE IF EXISTS `auth_group_permissions`;
/*!40101 SET @saved_cs_client     = @@character_set_client */;
/*!40101 SET character_set_client = utf8 */;
CREATE TABLE `auth_group_permissions` (
  `id` int(11) NOT NULL AUTO_INCREMENT,
  `group_id` int(11) NOT NULL,
  `permission_id` int(11) NOT NULL,
  PRIMARY KEY (`id`),
  UNIQUE KEY `auth_group_permissions_group_id_permission_id_0cd325b0_uniq` (`group_id`,`permission_id`),
  KEY `auth_group_permissio_permission_id_84c5c92e_fk_auth_perm` (`permission_id`),
  CONSTRAINT `auth_group_permissio_permission_id_84c5c92e_fk_auth_perm` FOREIGN KEY (`permission_id`) REFERENCES `auth_permission` (`id`),
  CONSTRAINT `auth_group_permissions_group_id_b120cbf9_fk_auth_group_id` FOREIGN KEY (`group_id`) REFERENCES `auth_group` (`id`)
) ENGINE=InnoDB DEFAULT CHARSET=latin1;
/*!40101 SET character_set_client = @saved_cs_client */;

--
-- Dumping data for table `auth_group_permissions`
--

LOCK TABLES `auth_group_permissions` WRITE;
/*!40000 ALTER TABLE `auth_group_permissions` DISABLE KEYS */;
/*!40000 ALTER TABLE `auth_group_permissions` ENABLE KEYS */;
UNLOCK TABLES;

--
-- Table structure for table `auth_permission`
--

DROP TABLE IF EXISTS `auth_permission`;
/*!40101 SET @saved_cs_client     = @@character_set_client */;
/*!40101 SET character_set_client = utf8 */;
CREATE TABLE `auth_permission` (
  `id` int(11) NOT NULL AUTO_INCREMENT,
  `name` varchar(255) NOT NULL,
  `content_type_id` int(11) NOT NULL,
  `codename` varchar(100) NOT NULL,
  PRIMARY KEY (`id`),
  UNIQUE KEY `auth_permission_content_type_id_codename_01ab375a_uniq` (`content_type_id`,`codename`),
  CONSTRAINT `auth_permission_content_type_id_2f476e4b_fk_django_co` FOREIGN KEY (`content_type_id`) REFERENCES `django_content_type` (`id`)
) ENGINE=InnoDB AUTO_INCREMENT=25 DEFAULT CHARSET=latin1;
/*!40101 SET character_set_client = @saved_cs_client */;

--
-- Dumping data for table `auth_permission`
--

LOCK TABLES `auth_permission` WRITE;
/*!40000 ALTER TABLE `auth_permission` DISABLE KEYS */;
INSERT INTO `auth_permission` VALUES (1,'Can add log entry',1,'add_logentry'),(2,'Can change log entry',1,'change_logentry'),(3,'Can delete log entry',1,'delete_logentry'),(4,'Can view log entry',1,'view_logentry'),(5,'Can add permission',2,'add_permission'),(6,'Can change permission',2,'change_permission'),(7,'Can delete permission',2,'delete_permission'),(8,'Can view permission',2,'view_permission'),(9,'Can add group',3,'add_group'),(10,'Can change group',3,'change_group'),(11,'Can delete group',3,'delete_group'),(12,'Can view group',3,'view_group'),(13,'Can add user',4,'add_user'),(14,'Can change user',4,'change_user'),(15,'Can delete user',4,'delete_user'),(16,'Can view user',4,'view_user'),(17,'Can add content type',5,'add_contenttype'),(18,'Can change content type',5,'change_contenttype'),(19,'Can delete content type',5,'delete_contenttype'),(20,'Can view content type',5,'view_contenttype'),(21,'Can add session',6,'add_session'),(22,'Can change session',6,'change_session'),(23,'Can delete session',6,'delete_session'),(24,'Can view session',6,'view_session');
/*!40000 ALTER TABLE `auth_permission` ENABLE KEYS */;
UNLOCK TABLES;

--
-- Table structure for table `auth_user`
--

DROP TABLE IF EXISTS `auth_user`;
/*!40101 SET @saved_cs_client     = @@character_set_client */;
/*!40101 SET character_set_client = utf8 */;
CREATE TABLE `auth_user` (
  `id` int(11) NOT NULL AUTO_INCREMENT,
  `password` varchar(128) NOT NULL,
  `last_login` datetime(6) DEFAULT NULL,
  `is_superuser` tinyint(1) NOT NULL,
  `username` varchar(150) NOT NULL,
  `first_name` varchar(30) NOT NULL,
  `last_name` varchar(150) NOT NULL,
  `email` varchar(254) NOT NULL,
  `is_staff` tinyint(1) NOT NULL,
  `is_active` tinyint(1) NOT NULL,
  `date_joined` datetime(6) NOT NULL,
  PRIMARY KEY (`id`),
  UNIQUE KEY `username` (`username`)
) ENGINE=InnoDB AUTO_INCREMENT=3 DEFAULT CHARSET=latin1;
/*!40101 SET character_set_client = @saved_cs_client */;

--
-- Dumping data for table `auth_user`
--

LOCK TABLES `auth_user` WRITE;
/*!40000 ALTER TABLE `auth_user` DISABLE KEYS */;
INSERT INTO `auth_user` VALUES (1,'pbkdf2_sha256$120000$NN3OcTpxTAd6$s+N8lI/wVBOAUsvPI2otqbiTZ2do/yQjFN939vbyg+s=','2018-08-31 15:26:25.773610',1,'admin','','','CRCDevTeam@gmail.com',1,1,'2018-08-31 15:21:19.784440'),(2,'pbkdf2_sha256$120000$qOZ78cVmdb7a$AK4KOLayHxe7Sxs7P+Lay3F+npDrSFOQ3T72uH9kNP4=',NULL,1,'n9154566','John','Huynh','john.huynh1996@gmail.com',1,1,'2018-08-31 15:27:01.000000');
/*!40000 ALTER TABLE `auth_user` ENABLE KEYS */;
UNLOCK TABLES;

--
-- Table structure for table `auth_user_groups`
--

DROP TABLE IF EXISTS `auth_user_groups`;
/*!40101 SET @saved_cs_client     = @@character_set_client */;
/*!40101 SET character_set_client = utf8 */;
CREATE TABLE `auth_user_groups` (
  `id` int(11) NOT NULL AUTO_INCREMENT,
  `user_id` int(11) NOT NULL,
  `group_id` int(11) NOT NULL,
  PRIMARY KEY (`id`),
  UNIQUE KEY `auth_user_groups_user_id_group_id_94350c0c_uniq` (`user_id`,`group_id`),
  KEY `auth_user_groups_group_id_97559544_fk_auth_group_id` (`group_id`),
  CONSTRAINT `auth_user_groups_group_id_97559544_fk_auth_group_id` FOREIGN KEY (`group_id`) REFERENCES `auth_group` (`id`),
  CONSTRAINT `auth_user_groups_user_id_6a12ed8b_fk_auth_user_id` FOREIGN KEY (`user_id`) REFERENCES `auth_user` (`id`)
) ENGINE=InnoDB DEFAULT CHARSET=latin1;
/*!40101 SET character_set_client = @saved_cs_client */;

--
-- Dumping data for table `auth_user_groups`
--

LOCK TABLES `auth_user_groups` WRITE;
/*!40000 ALTER TABLE `auth_user_groups` DISABLE KEYS */;
/*!40000 ALTER TABLE `auth_user_groups` ENABLE KEYS */;
UNLOCK TABLES;

--
-- Table structure for table `auth_user_user_permissions`
--

DROP TABLE IF EXISTS `auth_user_user_permissions`;
/*!40101 SET @saved_cs_client     = @@character_set_client */;
/*!40101 SET character_set_client = utf8 */;
CREATE TABLE `auth_user_user_permissions` (
  `id` int(11) NOT NULL AUTO_INCREMENT,
  `user_id` int(11) NOT NULL,
  `permission_id` int(11) NOT NULL,
  PRIMARY KEY (`id`),
  UNIQUE KEY `auth_user_user_permissions_user_id_permission_id_14a6b632_uniq` (`user_id`,`permission_id`),
  KEY `auth_user_user_permi_permission_id_1fbb5f2c_fk_auth_perm` (`permission_id`),
  CONSTRAINT `auth_user_user_permi_permission_id_1fbb5f2c_fk_auth_perm` FOREIGN KEY (`permission_id`) REFERENCES `auth_permission` (`id`),
  CONSTRAINT `auth_user_user_permissions_user_id_a95ead1b_fk_auth_user_id` FOREIGN KEY (`user_id`) REFERENCES `auth_user` (`id`)
) ENGINE=InnoDB AUTO_INCREMENT=25 DEFAULT CHARSET=latin1;
/*!40101 SET character_set_client = @saved_cs_client */;

--
-- Dumping data for table `auth_user_user_permissions`
--

LOCK TABLES `auth_user_user_permissions` WRITE;
/*!40000 ALTER TABLE `auth_user_user_permissions` DISABLE KEYS */;
INSERT INTO `auth_user_user_permissions` VALUES (1,2,1),(2,2,2),(3,2,3),(4,2,4),(5,2,5),(6,2,6),(7,2,7),(8,2,8),(9,2,9),(10,2,10),(11,2,11),(12,2,12),(13,2,13),(14,2,14),(15,2,15),(16,2,16),(17,2,17),(18,2,18),(19,2,19),(20,2,20),(21,2,21),(22,2,22),(23,2,23),(24,2,24);
/*!40000 ALTER TABLE `auth_user_user_permissions` ENABLE KEYS */;
UNLOCK TABLES;

--
-- Table structure for table `car`
--

DROP TABLE IF EXISTS `car`;
/*!40101 SET @saved_cs_client     = @@character_set_client */;
/*!40101 SET character_set_client = utf8 */;
CREATE TABLE `car` (
  `CarID` int(11) NOT NULL,
  `CarModel` varchar(255) NOT NULL,
  `CarMake` varchar(255) NOT NULL,
  `CarSeries` varchar(255) NOT NULL,
  `CarYear` int(11) NOT NULL,
  `CarPriceNew` decimal(15,2) NOT NULL,
  `CarEngineSize` varchar(255) NOT NULL,
  `CarFuelSystem` varchar(255) NOT NULL,
  `CarTankCapacity` varchar(255) NOT NULL,
  `CarPower` varchar(255) NOT NULL,
  `CarSeatingCapacity` int(11) NOT NULL,
  `CarStandardTransmission` varchar(255) NOT NULL,
  `CarBodyType` varchar(255) NOT NULL,
  `CarDrive` varchar(255) NOT NULL,
  `CarWheelbase` varchar(255) NOT NULL,
  PRIMARY KEY (`CarID`)
) ENGINE=InnoDB DEFAULT CHARSET=latin1;
/*!40101 SET character_set_client = @saved_cs_client */;

--
-- Dumping data for table `car`
--

LOCK TABLES `car` WRITE;
/*!40000 ALTER TABLE `car` DISABLE KEYS */;
INSERT INTO `car` VALUES (14806,'DISCOVERY 3','LAND ROVER','HSE',2006,83650.00,'2.7L','DIESEL TURBO F/INJ','82L','140Kw',7,'6A','4D WAGON','4WD','2885mm'),(14810,'DISCOVERY','LAND ROVER','Tdi 4x4',1996,51800.00,'2.5L','DIESEL TURBO','88.5L','83Kw',5,'4A4x4','4D WAGON','4WD','2540mm'),(14811,'FREELANDER','LAND ROVER','XEi 4x4',2000,34886.00,'1.8L','MULTI POINT F/INJ','59L','84Kw',5,'5M4x4','3D HARDBACK','4WD','2535mm'),(14812,'DISCOVERY','LAND ROVER','ES V8 4x4',1999,66000.00,'4.0L','MULTI POINT F/INJ','95L','132Kw',7,'4A','4D WAGON','4WD','2540mm'),(14813,'DISCOVERY','LAND ROVER','Tdi 4x4',1994,50430.00,'2.5L','DIESEL TURBO','88.5L','83Kw',5,'4A4x4','4D WAGON','4WD','2540mm'),(14814,'DISCOVERY','LAND ROVER','SERIES II SE 4x4',2004,71450.00,'4.0L','MULTI POINT F/INJ','93L','136Kw',7,'4A','4D WAGON','4WD','2540mm'),(14815,'(4x4)','LAND ROVER','SWB',1978,9045.00,'2.3L','DIESEL','45L','46Kw',8,'4M4x4','2D HARDTOP','4WD','2230mm'),(14816,'DISCOVERY','LAND ROVER','SERIES II S 4x4',2003,55450.00,'4.0L','MULTI POINT F/INJ','93L','136Kw',7,'4A','4D WAGON','4WD','2540mm'),(14817,'DISCOVERY','LAND ROVER','SERIES II',2003,51950.00,'2.5L','DIESEL TURBO F/INJ','93L','101Kw',5,'5M','4D WAGON','4WD','2540mm'),(14818,'DISCOVERY','LAND ROVER','S 4x4',1998,39990.00,'2.5L','DIESEL TURBO','88.5L','83Kw',5,'5M4x4','4D WAGON','4WD','2540mm'),(14819,'(4x4)','LAND ROVER','LWB',1972,5203.00,'2.3L','DIESEL','73L','46Kw',12,'4M4x4','2D HARDTOP','4WD','2768mm'),(14831,'X5','BMW','E53 3.0d',2004,84500.00,'3.0L','TURBO CDI','93L','150Kw',5,'6A','4D WAGON','4WD','2820mm'),(14832,'3','BMW','E46 18i EXECUTIVE',2002,56550.00,'2.0L','MULTI POINT F/INJ','63L','105Kw',5,'5AS','4D SEDAN','RWD','2725mm'),(14833,'3','BMW','23i',1996,62550.00,'2.5L','MULTI POINT F/INJ','62L','125Kw',5,'5M','4D SEDAN','RWD','2700mm'),(14834,'3','BMW','E46 30Ci',2001,109050.00,'3.0L','MULTI POINT F/INJ','63L','170Kw',5,'5AS','2D CONVERTIBLE','RWD','2725mm'),(14835,'7','BMW','35i EXECUTIVE',1987,136500.00,'3.4L','ELECTRONIC F/INJ','90L','155Kw',5,'4A','4D SEDAN','RWD','2833mm'),(14836,'5','BMW','E60 25i',2005,89000.00,'2.5L','MULTI POINT F/INJ','70L','141Kw',5,'6AS','4D SEDAN','RWD','2888mm'),(14837,'3','BMW','E91 23i TOURING',2006,71500.00,'2.5L','MULTI POINT F/INJ','60L','130Kw',5,'6AS','4D WAGON','RWD','2760mm'),(14838,'5','BMW','E34 25i EXECUTIVE',1996,98200.00,'2.5L','ELECTRONIC F/INJ','80L','141Kw',5,'5A','4D SEDAN','RWD','2761mm'),(14839,'3','BMW','E36 16i OPEN AIR',1995,46200.00,'1.6L','MULTI POINT F/INJ','52L','75Kw',5,'5M','3D HATCHBACK','RWD','2700mm'),(14842,'3','BMW','E90 20i EXECUTIVE',2005,57200.00,'2.0L','MULTI POINT F/INJ','65L','110Kw',5,'6AS','4D SEDAN','RWD','2760mm'),(14843,'3','BMW','E46 30i',2001,90700.00,'3.0L','MULTI POINT F/INJ','63L','170Kw',5,'5AS','4D SEDAN','RWD','2725mm'),(14846,'X5','BMW','E53 3.0i',2004,84000.00,'3.0L','MULTI POINT F/INJ','93L','170Kw',5,'5AS','4D WAGON','4WD','2820mm'),(14847,'3','BMW','18is',1998,56600.00,'1.9L','MULTI POINT F/INJ','65L','103Kw',5,'4A','4D SEDAN','RWD','2700mm'),(14850,'7','BMW','35i',1984,59500.00,'3.2L','ELECTRONIC F/INJ','100L','145Kw',5,'4A','4D SEDAN','RWD','2795mm'),(14851,'3','BMW','E46 20i SPORT',2005,65300.00,'2.2L','MULTI POINT F/INJ','63L','125Kw',5,'5AS','4D SEDAN','RWD','2725mm'),(14852,'3','BMW','E46 16ti',2002,43869.00,'1.8L','MULTI POINT F/INJ','63L','85Kw',5,'5AS','3D HATCHBACK','RWD','2725mm'),(14853,'1','BMW','E87 20i',2005,44100.00,'2.0L','MULTI POINT F/INJ','50L','110Kw',5,'6A','5D HATCHBACK','RWD','2660mm'),(14854,'3','BMW','20i',1989,54700.00,'2.0L','ELECTRONIC F/INJ','65L','95Kw',5,'5M','4D SEDAN','RWD','2570mm'),(14855,'3','BMW','E46 20Ci',2001,67050.00,'2.2L','MULTI POINT F/INJ','63L','125Kw',5,'5AS','2D COUPE','RWD','2725mm'),(14856,'3','BMW','25i',1988,74500.00,'2.5L','ELECTRONIC F/INJ','55L','125Kw',5,'4A','4D SEDAN','RWD','2570mm'),(14857,'3','BMW','E46 18i SPORT',2005,54500.00,'2.0L','MULTI POINT F/INJ','63L','105Kw',5,'5M','4D SEDAN','RWD','2725mm'),(14858,'3','BMW','E36 28i',1996,83330.00,'2.8L','MULTI POINT F/INJ','65L','142Kw',5,'5A','4D SEDAN','RWD','2700mm'),(14859,'5','BMW','28i',1997,96500.00,'2.8L','MULTI POINT F/INJ','70L','142Kw',5,'5AS','4D SEDAN','RWD','2830mm'),(14860,'3','BMW','18i',1997,51320.00,'1.8L','ELECTRONIC F/INJ','65L','85Kw',5,'4A','4D SEDAN','RWD','2700mm'),(14861,'3','BMW','18is',1997,55100.00,'1.9L','MULTI POINT F/INJ','65L','103Kw',5,'5M','4D SEDAN','RWD','2700mm'),(14862,'3','BMW','E46 18i EXECUTIVE',2001,53950.00,'2.0L','MULTI POINT F/INJ','63L','105Kw',5,'5M','4D SEDAN','RWD','2725mm'),(14863,'X5','BMW','E53 3.0i',2001,82350.00,'3.0L','MULTI POINT F/INJ','93L','170Kw',5,'5AS','4D WAGON','4WD','2820mm'),(14864,'1','BMW','E87 20d',2006,47800.00,'2.0L','DIESEL TURBO F/INJ','51L','115Kw',5,'6A','5D HATCHBACK','RWD','2660mm'),(14865,'3','BMW','E46 18i EXECUTIVE',2000,52070.00,'1.9L','MULTI POINT F/INJ','63L','87Kw',5,'5M','4D SEDAN','RWD','2725mm'),(14866,'X5','BMW','E53 3.0i',2006,84000.00,'3.0L','MULTI POINT F/INJ','93L','170Kw',5,'5AS','4D WAGON','4WD','2820mm'),(14867,'3','BMW','18i',1995,49650.00,'1.8L','ELECTRONIC F/INJ','65L','85Kw',5,'5M','4D SEDAN','RWD','2700mm'),(14870,'3','BMW','23Ci',1999,73900.00,'2.5L','MULTI POINT F/INJ','63L','125Kw',5,'5M','2D COUPE','RWD','2725mm'),(14871,'X5','BMW','E53 MY06 UPGRADE 3.0d',2006,86800.00,'3.0L','TURBO CDI','93L','150Kw',5,'6A','4D WAGON','4WD','2820mm'),(14872,'3','BMW','E46 18i',1999,54370.00,'1.9L','MULTI POINT F/INJ','63L','87Kw',5,'5M','4D SEDAN','RWD','2725mm'),(14873,'3','BMW','18is',1996,57110.00,'1.8L','ELECTRONIC F/INJ','65L','103Kw',5,'4A','2D COUPE','RWD','2700mm'),(14874,'3','BMW','E46 16ti',2004,41750.00,'1.8L','MULTI POINT F/INJ','63L','85Kw',5,'5M','3D HATCHBACK','RWD','2725mm'),(14875,'3','BMW','18i',1989,36950.00,'1.8L','ELECTRONIC F/INJ','55L','83Kw',5,'5M','2D SEDAN','RWD','2570mm'),(14876,'3','BMW','18i',1994,46500.00,'1.8L','ELECTRONIC F/INJ','65L','85Kw',5,'5M','4D SEDAN','RWD','2700mm'),(14877,'3','BMW','E90 20i',2006,53400.00,'2.0L','MULTI POINT F/INJ','65L','110Kw',5,'6AS','4D SEDAN','RWD','2760mm'),(14878,'5','BMW','E39 23i',1996,83600.00,'2.5L','MULTI POINT F/INJ','70L','125Kw',5,'5AS','4D SEDAN','RWD','2830mm'),(14879,'5','BMW','E39 30i SPORT',2002,101400.00,'3.0L','MULTI POINT F/INJ','70L','170Kw',5,'5AS','4D SEDAN','RWD','2830mm'),(14880,'5','BMW','20i',1991,69100.00,'2.0L','ELECTRONIC F/INJ','80L','110Kw',5,'5A','4D SEDAN','RWD','2761mm'),(14881,'3','BMW','18i',1991,44300.00,'1.8L','ELECTRONIC F/INJ','65L','85Kw',5,'4A','4D SEDAN','RWD','2700mm'),(14882,'3','BMW','E46 18i',2000,48315.00,'1.9L','MULTI POINT F/INJ','63L','87Kw',5,'5M','4D SEDAN','RWD','2725mm'),(14883,'3','BMW','18i',1986,38600.00,'1.8L','ELECTRONIC F/INJ','58L','77Kw',5,'5M','4D SEDAN','RWD','2570mm'),(14884,'3','BMW','E36 18is SPORT',1998,58950.00,'1.9L','MULTI POINT F/INJ','62L','103Kw',5,'5M','2D COUPE','RWD','2700mm'),(14885,'7','BMW','35iL EXECUTIVE',1988,145900.00,'3.4L','ELECTRONIC F/INJ','95L','155Kw',5,'4A','4D SEDAN','RWD','2945mm'),(14887,'5','BMW','25i',1991,80200.00,'2.5L','ELECTRONIC F/INJ','80L','141Kw',5,'5M','4D SEDAN','RWD','2761mm'),(14888,'3','BMW','E46 25Ci',2002,75000.00,'2.5L','MULTI POINT F/INJ','63L','141Kw',5,'5AS','2D COUPE','RWD','2725mm'),(14889,'3','BMW','E46 16ti',2005,40350.00,'1.8L','MULTI POINT F/INJ','63L','85Kw',5,'5M','3D HATCHBACK','RWD','2725mm'),(14890,'X5','BMW','E53 3.0d',2005,84300.00,'3.0L','TURBO CDI','93L','150Kw',5,'6A','4D WAGON','4WD','2820mm'),(14891,'FAIRLADY','DATSUN','SPORTS',1964,2530.00,'1.5L','CARB','43L','63Kw',0,'4M','2D ROADSTER','RWD','2280mm'),(14895,'180B','DATSUN','SSS',1977,6012.00,'1.8L','CARB','55L','82Kw',5,'5M','2D HARDTOP','RWD','2500mm'),(14896,'121','MAZDA','METRO SHADES',2001,19050.00,'1.5L','ELECTRONIC F/INJ','43L','64Kw',5,'5M','5D HATCHBACK','FWD','2390mm'),(14897,'121','MAZDA','SHADES',1997,14200.00,'1.3L','SINGLE POINT F/INJ','40L','54Kw',5,'5M','4D SEDAN','FWD','2390mm'),(14899,'121','MAZDA','METRO SHADES',2002,19240.00,'1.5L','ELECTRONIC F/INJ','43L','64Kw',5,'5M','5D HATCHBACK','FWD','2390mm'),(14900,'121','MAZDA','DELUXE',1987,12250.00,'1.3L','CARB','38L','46Kw',5,'5M','3D HATCHBACK','FWD','2295mm'),(14901,'121','MAZDA','METRO SHADES',1999,19590.00,'1.5L','ELECTRONIC F/INJ','40L','64Kw',5,'4A','5D HATCHBACK','FWD','2390mm'),(14902,'TRANSPORTER','VOLKSWAGEN','T5 MY08 CREWVAN SWB',2008,42990.00,'2.5L','DIESEL TURBO F/INJ','80L','96Kw',5,'6ATip','VAN','FWD','3000mm'),(14903,'JETTA','VOLKSWAGEN','1KM 2.0 TDI',2006,35490.00,'2.0L','DIESEL TURBO F/INJ','55L','103Kw',5,'6M','4D SEDAN','FWD','2578mm'),(14904,'TRANSPORTER','VOLKSWAGEN','T5 SWB',2005,43400.00,'2.5L','DIESEL TURBO F/INJ','80L','96Kw',2,'6ATip','VAN','FWD','3000mm'),(14905,'POLO','VOLKSWAGEN','9N MY07 UPGRADE CLUB',2007,16990.00,'1.4L','MULTI POINT F/INJ','45L','59Kw',5,'5M','3D HATCHBACK','FWD','2465mm'),(14906,'JETTA','VOLKSWAGEN','1KM 2.0 TURBO FSI',2006,39990.00,'2.0L','TURBO MPFI','55L','147Kw',5,'6ADSG','4D SEDAN','FWD','2578mm'),(14907,'MULTIVAN','VOLKSWAGEN','T5 HIGHLINE',2006,72990.00,'2.5L','DIESEL TURBO F/INJ','80L','128Kw',7,'6ATip','4D VAN','FWD','3000mm'),(14908,'JETTA','VOLKSWAGEN','1KM 2.0 TURBO FSI',2007,39990.00,'2.0L','TURBO MPFI','55L','147Kw',5,'6ADSG','4D SEDAN','FWD','2578mm'),(14909,'GOLF','VOLKSWAGEN','1K GTi',2007,39990.00,'2.0L','TURBO MPFI','55L','147Kw',5,'6M','5D HATCHBACK','FWD','2578mm'),(14910,'GOLF','VOLKSWAGEN','GL',2001,25990.00,'1.6L','MULTI POINT F/INJ','55L','74Kw',5,'5M','5D HATCHBACK','FWD','2511mm'),(14911,'GOLF','VOLKSWAGEN','1K 1.9 TDI COMFORTLINE',2005,32290.00,'1.9L','DIESEL TURBO F/INJ','55L','77Kw',5,'6ADSG','5D HATCHBACK','FWD','2578mm'),(14912,'JETTA','VOLKSWAGEN','1KM 2.0 FSI',2007,35290.00,'2.0L','MULTI POINT F/INJ','55L','110Kw',5,'6ATip','4D SEDAN','FWD','2578mm'),(14914,'GOLF','VOLKSWAGEN','1K GT',2007,37290.00,'1.4L','S/C & T/C MPFI','55L','125Kw',5,'6ADSG','5D HATCHBACK','FWD','2578mm'),(14915,'GOLF','VOLKSWAGEN','GL',1995,30490.00,'2.0L','MULTI POINT F/INJ','55L','85Kw',5,'5M','5D HATCHBACK','FWD','2475mm'),(14920,'JETTA','VOLKSWAGEN','1KM 2.0 TDI',2007,37990.00,'2.0L','DIESEL TURBO F/INJ','55L','103Kw',5,'6ADSG','4D SEDAN','FWD','2578mm'),(14921,'GOLF','VOLKSWAGEN','1K 2.0 FSI COMFORTLINE',2005,32290.00,'2.0L','ELECTRONIC F/INJ','55L','110Kw',5,'6ATip','5D HATCHBACK','FWD','2578mm'),(14922,'GOLF','VOLKSWAGEN','1K 2.0 TDI COMFORTLINE',2007,32490.00,'2.0L','DIESEL TURBO F/INJ','55L','103Kw',5,'6M','5D HATCHBACK','FWD','2578mm'),(14923,'PASSAT','VOLKSWAGEN','3B 1.8T',2002,49800.00,'1.8L','TURBO MPFI','62L','110Kw',5,'5ATip','4D WAGON','FWD','2703mm'),(14924,'GOLF','VOLKSWAGEN','1K 2.0 FSI SPORTLINE',2006,32990.00,'2.0L','ELECTRONIC F/INJ','55L','110Kw',5,'6M','5D HATCHBACK','FWD','2578mm'),(14925,'GOLF','VOLKSWAGEN','GLE',1999,34990.00,'2.0L','MULTI POINT F/INJ','55L','85Kw',5,'5M','5D HATCHBACK','FWD','2511mm'),(14926,'GOLF','VOLKSWAGEN','GL',1998,31980.00,'1.6L','MULTI POINT F/INJ','55L','74Kw',5,'4A','5D HATCHBACK','FWD','2511mm'),(14927,'MULTIVAN','VOLKSWAGEN','T5 COMFORTLINE 4MOTION',2006,60990.00,'2.5L','DIESEL TURBO F/INJ','80L','128Kw',7,'6M','4D VAN','4WD','3000mm'),(14928,'POLO','VOLKSWAGEN','9N S',2002,21800.00,'1.4L','MULTI POINT F/INJ','45L','55Kw',5,'5M','5D HATCHBACK','FWD','2460mm'),(14929,'TOUAREG','VOLKSWAGEN','7L R5 TDi LUXURY',2006,78600.00,'2.5L','DIESEL TURBO F/INJ','100L','128Kw',5,'6ATip','4D WAGON','4WD','2855mm'),(14930,'CADDY','VOLKSWAGEN','2K LIFE',2006,34990.00,'1.9L','DIESEL TURBO F/INJ','60L','77Kw',5,'6ADSG','4D WAGON','FWD','2682mm'),(14940,'GOLF','VOLKSWAGEN','1K 2.0 TDI COMFORTLINE',2004,32490.00,'2.0L','DIESEL TURBO F/INJ','55L','103Kw',5,'6M','5D HATCHBACK','FWD','2578mm'),(14941,'BORA','VOLKSWAGEN','1J 2.0',2001,36350.00,'2.0L','MULTI POINT F/INJ','55L','85Kw',5,'5M','4D SEDAN','FWD','2500mm'),(14942,'POLO','VOLKSWAGEN','9N MY06 UPGRADE CLUB',2006,16990.00,'1.4L','MULTI POINT F/INJ','45L','55Kw',5,'5M','3D HATCHBACK','FWD','2465mm'),(14943,'CADDY','VOLKSWAGEN','2K 1.9 TDi',2006,24990.00,'1.9L','DIESEL TURBO F/INJ','60L','77Kw',2,'5M','VAN','FWD','2682mm'),(14944,'POLO','VOLKSWAGEN','9N',2003,19800.00,'1.4L','MULTI POINT F/INJ','45L','55Kw',5,'5M','3D HATCHBACK','FWD','2460mm'),(14945,'GOLF','VOLKSWAGEN','1.6 GENERATION',2004,25990.00,'1.6L','MULTI POINT F/INJ','55L','75Kw',5,'5M','5D HATCHBACK','FWD','2511mm'),(14946,'POLO','VOLKSWAGEN','9N MY07 UPGRADE GTi',2007,26990.00,'1.8L','TURBO MPFI','45L','110Kw',5,'5M','3D HATCHBACK','FWD','2466mm'),(14947,'GOLF','VOLKSWAGEN','GL',1999,31190.00,'1.6L','MULTI POINT F/INJ','55L','74Kw',5,'4A','5D HATCHBACK','FWD','2511mm'),(14948,'GOLF','VOLKSWAGEN','1K 2.0 TDI COMFORTLINE',2006,34790.00,'2.0L','DIESEL TURBO F/INJ','55L','103Kw',5,'6ADSG','5D HATCHBACK','FWD','2578mm'),(14949,'GOLF','VOLKSWAGEN','GL',2000,25990.00,'1.6L','MULTI POINT F/INJ','55L','74Kw',5,'5M','5D HATCHBACK','FWD','2511mm'),(14950,'GOLF','VOLKSWAGEN','1K 1.6 TRENDLINE',2005,25490.00,'1.6L','MULTI POINT F/INJ','55L','75Kw',5,'5M','5D HATCHBACK','FWD','2578mm'),(14960,'PASSAT','VOLKSWAGEN','3C 2.0T FSI',2006,44990.00,'2.0L','TURBO MPFI','70L','147Kw',5,'6ATip','4D SEDAN','FWD','2709mm'),(14961,'TOUAREG','VOLKSWAGEN','7L R5 TDi LUXURY',2005,78600.00,'2.5L','DIESEL TURBO F/INJ','100L','128Kw',5,'6ATip','4D WAGON','4WD','2855mm'),(14962,'PASSAT','VOLKSWAGEN','3C 3.2 V6 FSI',2006,54990.00,'3.2L','MULTI POINT F/INJ','70L','184Kw',5,'6ADSG','4D SEDAN','AWD','2709mm'),(14964,'GOLF','VOLKSWAGEN','2.0 S',2002,29490.00,'2.0L','MULTI POINT F/INJ','55L','85Kw',5,'5M','5D HATCHBACK','FWD','2511mm'),(14965,'CARAVELLE','VOLKSWAGEN','V6',2003,59990.00,'2.8L','MULTI POINT F/INJ','80L','150Kw',8,'4A','4D WAGON','FWD','2920mm'),(14966,'GOLF','VOLKSWAGEN','2.0 GENERATION',2004,29490.00,'2.0L','MULTI POINT F/INJ','55L','85Kw',5,'4A','5D HATCHBACK','FWD','2511mm'),(14967,'POLO','VOLKSWAGEN','OPEN AIR',1999,21490.00,'1.6L','MULTI POINT F/INJ','45L','55Kw',5,'5M','5D HATCHBACK','FWD','2400mm'),(14969,'1600','VOLKSWAGEN','SUPER BUG L',1975,3798.00,'1.6L','CARB','42L','37Kw',4,'4M','2D SEDAN','RWD','2420mm'),(14984,'GTV','ALFA ROMEO','2',1999,61990.00,'2.0L','MULTI POINT F/INJ','70L','114Kw',4,'5M','2D COUPE','FWD','2540mm'),(14985,'156','ALFA ROMEO','V6 24V',2002,57500.00,'2.5L','MULTI POINT F/INJ','63L','140Kw',5,'6M','4D SEDAN','FWD','2595mm'),(15000,'147','ALFA ROMEO','GTA MONZA',2005,59990.00,'3.2L','MULTI POINT F/INJ','63L','184Kw',5,'6M','3D HATCHBACK','FWD','2546mm'),(15001,'156','ALFA ROMEO','2.0 SELESPEED TWIN SPARK',1999,49950.00,'2.0L','MULTI POINT F/INJ','63L','114Kw',5,'5MSel','4D SEDAN','FWD','2595mm'),(15002,'147','ALFA ROMEO','2.0 TWIN SPARK',2003,39500.00,'2.0L','MULTI POINT F/INJ','60L','110Kw',5,'5M','5D HATCHBACK','FWD','2546mm'),(15003,'SLK','MERCEDES-BENZ','R171 200K',2004,86900.00,'1.8L','SUPERCHARGED MPFI','70L','120Kw',2,'5ATS','2D CONVERTIBLE','RWD','2430mm'),(15004,'ML','MERCEDES-BENZ','W163 270 CDI 4x4',2002,69474.00,'2.7L','TURBO CDI','83L','120Kw',5,'5ATS','4D WAGON','4WD','2820mm'),(15005,'ML','MERCEDES-BENZ','W163 320 LUXURY 4x4',2002,77274.00,'3.2L','MULTI POINT F/INJ','83L','160Kw',5,'5ATS','4D WAGON','4WD','2820mm'),(15006,'C180','MERCEDES-BENZ','W203 KOMPRESSOR AVANTGARDE',2002,61400.00,'1.8L','SUPERCHARGED MPFI','70L','105Kw',5,'5ATS','4D SEDAN','RWD','2715mm'),(15007,'ML','MERCEDES-BENZ','320 LUXURY 4x4',2000,72900.00,'3.2L','MULTI POINT F/INJ','70L','160Kw',5,'5ATS','4D WAGON','4WD','2820mm'),(15008,'SLK230','MERCEDES-BENZ','KOMPRESSOR',2000,95380.00,'2.3L','SUPERCHARGED MPFI','53L','142Kw',2,'5A','2D CONVERTIBLE','RWD','2400mm'),(15009,'ML','MERCEDES-BENZ','W163 500 LUXURY 4x4',2004,99900.00,'5.0L','MULTI POINT F/INJ','83L','215Kw',5,'5ATS','4D WAGON','4WD','2820mm'),(15010,'300','MERCEDES-BENZ','TE',1991,124500.00,'3.0L','ELECTRONIC F/INJ','70L','135Kw',7,'4A','4D WAGON','RWD','2800mm'),(15011,'C200','MERCEDES-BENZ','W202 ELEGANCE',2000,64580.00,'2.0L','MULTI POINT F/INJ','62L','100Kw',5,'5A','4D SEDAN','RWD','2690mm'),(15020,'280','MERCEDES-BENZ','W126 SE',1982,55979.00,'2.7L','ELECTRONIC F/INJ','90L','125Kw',5,'4A','4D SEDAN','RWD','2935mm'),(15022,'ML','MERCEDES-BENZ','320 LUXURY 4x4',1999,73400.00,'3.2L','MULTI POINT F/INJ','70L','160Kw',5,'5ATS','4D WAGON','4WD','2820mm'),(15023,'ML','MERCEDES-BENZ','W163 270 CDI LUXURY 4x4',2003,77274.00,'2.7L','TURBO CDI','83L','120Kw',5,'5ATS','4D WAGON','4WD','2820mm'),(15024,'E280','MERCEDES-BENZ','W210 ELEGANCE',1999,112400.00,'2.8L','MULTI POINT F/INJ','80L','150Kw',5,'5ASeq','4D SEDAN','RWD','2833mm'),(15025,'VITO','MERCEDES-BENZ','115CDI COMPACT CREW CAB',2005,48380.00,'2.1L','DIESEL TURBO F/INJ','75L','110Kw',5,'5A','5D VAN','RWD','3200mm'),(15026,'180','MERCEDES-BENZ','E LIMITED EDITION',1993,47115.00,'1.8L','ELECTRONIC F/INJ','55L','82Kw',5,'4A','4D SEDAN','RWD','2665mm'),(15027,'A160','MERCEDES-BENZ','AVANTGARDE',1999,41400.00,'1.6L','MULTI POINT F/INJ','54L','75Kw',5,'5MSeq','5D HATCHBACK','FWD','2423mm'),(15028,'ML','MERCEDES-BENZ','270 CDI 4x4',2001,64900.00,'2.7L','TURBO CDI','70L','120Kw',5,'5ATS','4D WAGON','4WD','2820mm'),(15029,'A170','MERCEDES-BENZ','W169 ELEGANCE',2006,42400.00,'1.7L','MULTI POINT F/INJ','54L','85Kw',5,'CVT7','5D HATCHBACK','FWD','2568mm'),(15030,'300','MERCEDES-BENZ','W124 E',1986,79296.00,'3.0L','ELECTRONIC F/INJ','70L','135Kw',5,'4A','4D SEDAN','RWD','2800mm'),(15040,'230','MERCEDES-BENZ','W124 E',1988,87100.00,'2.3L','ELECTRONIC F/INJ','70L','97Kw',5,'4A','4D SEDAN','RWD','2800mm'),(15041,'180','MERCEDES-BENZ','E LIMITED EDITION',1992,45690.00,'1.8L','ELECTRONIC F/INJ','55L','82Kw',5,'4A','4D SEDAN','RWD','2665mm'),(15042,'E55','MERCEDES-BENZ','211 MY06 UPGRADE AMG',2006,225600.00,'5.4L','SUPERCHARGED MPFI','80L','350Kw',5,'5ATSh','4D SEDAN','RWD','2854mm'),(15043,'380','MERCEDES-BENZ','SEL',1982,68795.00,'3.8L','ELECTRONIC F/INJ','90L','145Kw',5,'4A','4D SEDAN','RWD','3075mm'),(15044,'A190','MERCEDES-BENZ','W168 LWB ELEGANCE',2004,42900.00,'1.9L','MULTI POINT F/INJ','54L','92Kw',5,'5MSeq','5D HATCHBACK','FWD','2593mm'),(15045,'180','MERCEDES-BENZ','E LIMITED EDITION',1994,47115.00,'1.8L','ELECTRONIC F/INJ','55L','82Kw',5,'4A','4D SEDAN','RWD','2665mm'),(15046,'A190','MERCEDES-BENZ','W168 AVANTGARDE',2001,41230.00,'1.9L','MULTI POINT F/INJ','54L','92Kw',5,'5MSeq','5D HATCHBACK','FWD','2423mm'),(15047,'CLK230','MERCEDES-BENZ','KOMP ELEGANCE',2000,111580.00,'2.3L','SUPERCHARGED MPFI','62L','142Kw',4,'5A','2D CABRIOLET','RWD','2690mm'),(15048,'A190','MERCEDES-BENZ','W168 AVANTGARDE',2000,41230.00,'1.9L','MULTI POINT F/INJ','54L','92Kw',5,'5MSeq','5D HATCHBACK','FWD','2423mm'),(15049,'ML','MERCEDES-BENZ','W163 500 LUXURY 4x4',2001,98500.00,'5.0L','MULTI POINT F/INJ','83L','215Kw',5,'5ATS','4D WAGON','4WD','2820mm'),(15050,'E500','MERCEDES-BENZ','211 AVANTGARDE',2002,153900.00,'5.0L','MULTI POINT F/INJ','89L','225Kw',5,'5ATSh','4D SEDAN','RWD','2854mm'),(15063,'CLIO','RENAULT','SPORT',2002,33990.00,'2.0L','MULTI POINT F/INJ','50L','124Kw',5,'5M','3D HATCHBACK','FWD','2472mm'),(15066,'CLIO','RENAULT','CAMPUS',2006,18990.00,'1.4L','MULTI POINT F/INJ','50L','72Kw',5,'5M','5D HATCHBACK','FWD','2472mm'),(15068,'SCENIC','RENAULT','PRIVILEGE',2003,37990.00,'2.0L','MULTI POINT F/INJ','60L','101Kw',5,'4A','5D WAGON','FWD','2580mm'),(15080,'19','RENAULT','RT',1995,26790.00,'1.7L','MULTI POINT F/INJ','55L','68Kw',5,'5M','5D HATCHBACK','FWD','2540mm'),(15081,'MEGANE','RENAULT','PRIVILEGE',2004,35990.00,'2.0L','MULTI POINT F/INJ','60L','98Kw',5,'4A','4D SEDAN','FWD','2686mm'),(15082,'MEGANE','RENAULT','EXPRESSION',2002,41490.00,'1.6L','MULTI POINT F/INJ','60L','79Kw',4,'5M','2D CABRIOLET','FWD','2461mm'),(15083,'S60','VOLVO','05 UPGRADE 2.4 20V SE',2006,56950.00,'2.4L','MULTI POINT F/INJ','70L','125Kw',5,'5A','4D SEDAN','FWD','2715mm'),(15084,'V50','VOLVO','MY08 D5',2008,47950.00,'2.4L','DIESEL TURBO F/INJ','60L','132Kw',5,'5AG','4D WAGON','FWD','2640mm'),(15085,'7','VOLVO','40 TURBO',1989,65900.00,'2.3L','TURBO EFI','82L','119Kw',5,'4A','4D SEDAN','RWD','2770mm'),(15087,'8','VOLVO','50 GLE',1992,45690.00,'2.4L','ELECTRONIC F/INJ','73L','103Kw',5,'4A','4D SEDAN','FWD','2665mm'),(15088,'XC70','VOLVO','05 UPGRADE II LIFESTYLE EDITION LE',2005,64450.00,'2.5L','TURBO MPFI','70L','154Kw',5,'5AG','4D WAGON','AWD','2761mm'),(15089,'V50','VOLVO','MY07 2.4 LE',2007,47950.00,'2.4L','MULTI POINT F/INJ','62L','125Kw',5,'5AG','4D WAGON','FWD','2640mm'),(15100,'S40','VOLVO','MY2003 2.0 SE',2003,47950.00,'1.9L','MULTI POINT F/INJ','60L','100Kw',5,'5A','4D SEDAN','FWD','2562mm'),(15101,'S40','VOLVO','MY2001 2.0 SE',2001,47950.00,'1.9L','MULTI POINT F/INJ','60L','100Kw',5,'5A','4D SEDAN','FWD','2562mm'),(15102,'8','VOLVO','50 GLE',1994,47950.00,'2.4L','ELECTRONIC F/INJ','73L','103Kw',5,'4A','4D SEDAN','FWD','2665mm'),(15103,'S80','VOLVO','T6 SE',2001,98950.00,'2.8L','TWIN TURBO MPFI','80L','200Kw',5,'4AG','4D SEDAN','RWD','2791mm'),(15104,'8','VOLVO','50 SE',1997,59950.00,'2.4L','MULTI POINT F/INJ','73L','125Kw',5,'4A','5D WAGON','FWD','2665mm'),(15105,'V40','VOLVO','2',1997,45950.00,'1.9L','MULTI POINT F/INJ','60L','103Kw',5,'4A','5D WAGON','FWD','2550mm'),(15106,'S40','VOLVO','2',1997,44950.00,'1.9L','MULTI POINT F/INJ','60L','103Kw',5,'4A','4D SEDAN','FWD','2550mm'),(15107,'XC90','VOLVO','MY06 LIFESTYLE EDITION LE',2006,69950.00,'2.5L','TURBO MPFI','72L','154Kw',7,'5AG','4D WAGON','AWD','2857mm'),(15108,'S40','VOLVO','T4',1998,53450.00,'1.9L','TURBO MPFI','60L','147Kw',5,'5M','4D SEDAN','FWD','2550mm'),(15109,'4','VOLVO','40 GLT',1994,40950.00,'2.0L','ELECTRONIC F/INJ','60L','80Kw',5,'4A','4D HATCHBACK','FWD','2503mm'),(15110,'2','VOLVO','44 GL',1979,11220.00,'2.1L','FUEL INJECTED','60L','91Kw',5,'3A','4D SEDAN','RWD','2640mm'),(15119,'4','VOLVO','40 GLT',1996,45500.00,'2.0L','ELECTRONIC F/INJ','60L','80Kw',5,'4A','4D HATCHBACK','FWD','2503mm'),(15121,'S40','VOLVO','MY06 T5 AWD',2006,54950.00,'2.5L','TURBO MPFI','57L','162Kw',5,'5AG','4D SEDAN','AWD','2640mm'),(15122,'200','NISSAN','S15 SX SPEC S GT',2002,42990.00,'2.0L','TURBO MPFI','65L','147Kw',4,'6M','2D COUPE','RWD','2525mm'),(15123,'200','NISSAN','SX SPORTS LIMITED',1994,38500.00,'2.0L','TURBO MPFI','65L','147Kw',4,'5M','2D COUPE','RWD','2525mm'),(15124,'200','NISSAN','SX SPORTS',1996,44510.00,'2.0L','TURBO MPFI','65L','147Kw',4,'5M','2D COUPE','RWD','2525mm'),(15125,'200','NISSAN','S15 SX SPEC S',2002,40990.00,'2.0L','TURBO MPFI','65L','147Kw',4,'6M','2D COUPE','RWD','2525mm'),(15126,'200','NISSAN','S15 SX SPEC R GT',2002,46490.00,'2.0L','TURBO MPFI','65L','147Kw',4,'6M','2D COUPE','RWD','2525mm'),(15127,'200','NISSAN','SX SPORTS LIMITED',1998,39990.00,'2.0L','TURBO MPFI','65L','147Kw',4,'5M','2D COUPE','RWD','2525mm'),(15128,'200','NISSAN','S15 SX SPEC S',2001,40990.00,'2.0L','TURBO MPFI','65L','147Kw',4,'6M','2D COUPE','RWD','2525mm'),(15129,'200','NISSAN','SX LUXURY',1998,49995.00,'2.0L','TURBO MPFI','65L','147Kw',4,'5M','2D COUPE','RWD','2525mm'),(15130,'205','PEUGEOT','GTi',1990,33750.00,'1.9L','ELECTRONIC F/INJ','50L','75Kw',5,'5M','3D HATCHBACK','FWD','2420mm'),(15140,'406','PEUGEOT','D8 ST',1997,39995.00,'2.0L','MULTI POINT F/INJ','70L','100Kw',5,'5M','4D SEDAN','FWD','2700mm'),(15142,'405','PEUGEOT','Mi16',1993,41995.00,'2.0L','ELECTRONIC F/INJ','70L','112Kw',5,'5M','4D SEDAN','FWD','2669mm'),(15143,'306','PEUGEOT','XT',2000,29490.00,'2.0L','MULTI POINT F/INJ','60L','100Kw',5,'5M','5D HATCHBACK','FWD','2580mm'),(15144,'206','PEUGEOT','XT',2001,22990.00,'1.6L','MULTI POINT F/INJ','50L','67Kw',5,'5M','5D HATCHBACK','FWD','2442mm'),(15146,'206','PEUGEOT','GTi',2004,29990.00,'2.0L','MULTI POINT F/INJ','50L','102Kw',5,'5M','3D HATCHBACK','FWD','2442mm'),(15147,'406','PEUGEOT','D9',2004,69550.00,'2.9L','MULTI POINT F/INJ','70L','157Kw',4,'5M','2D COUPE','FWD','2700mm'),(15148,'206','PEUGEOT','CC',2005,32990.00,'1.6L','MULTI POINT F/INJ','50L','80Kw',4,'5M','2D CABRIOLET','FWD','2442mm'),(15149,'307','PEUGEOT','XSE',2003,31790.00,'2.0L','MULTI POINT F/INJ','60L','100Kw',5,'5M','5D HATCHBACK','FWD','2608mm'),(15150,'206','PEUGEOT','XR',2002,19990.00,'1.4L','MULTI POINT F/INJ','50L','55Kw',5,'5M','5D HATCHBACK','FWD','2442mm'),(15160,'405','PEUGEOT','D60 SRI',1992,34995.00,'1.9L','ELECTRONIC F/INJ','70L','80Kw',5,'5M','4D SEDAN','FWD','2669mm'),(15161,'307','PEUGEOT','MY06 UPGRADE XSE HDi 2.0',2006,32290.00,'2.0L','DIESEL TURBO F/INJ','60L','100Kw',5,'6M','5D HATCHBACK','FWD','2608mm'),(15162,'206','PEUGEOT','XT',2000,22450.00,'1.6L','MULTI POINT F/INJ','50L','67Kw',5,'5M','5D HATCHBACK','FWD','2442mm'),(15163,'307','PEUGEOT','MY06 UPGRADE SPORT 2.0',2005,37990.00,'2.0L','MULTI POINT F/INJ','60L','130Kw',5,'5M','5D HATCHBACK','FWD','2608mm'),(15165,'206','PEUGEOT','CC',2006,34990.00,'1.6L','MULTI POINT F/INJ','50L','80Kw',4,'4ATip','2D CABRIOLET','FWD','2442mm'),(15166,'307','PEUGEOT','XSE',2004,33990.00,'2.0L','MULTI POINT F/INJ','60L','100Kw',5,'4ATip','5D HATCHBACK','FWD','2608mm'),(15167,'206','PEUGEOT','C',2006,22990.00,'1.6L','MULTI POINT F/INJ','50L','82Kw',5,'5M','5D HATCHBACK','FWD','2442mm'),(15168,'206','PEUGEOT','XR',2004,19990.00,'1.4L','MULTI POINT F/INJ','50L','55Kw',5,'5M','5D HATCHBACK','FWD','2442mm'),(15169,'307','PEUGEOT','MY06 UPGRADE XSE HDi 2.0 TOURING',2006,33990.00,'2.0L','DIESEL TURBO F/INJ','60L','100Kw',5,'6M','4D WAGON','FWD','2708mm'),(15181,'206','PEUGEOT','XR',2003,21990.00,'1.6L','MULTI POINT F/INJ','50L','82Kw',5,'5M','3D HATCHBACK','FWD','2442mm'),(15184,'800','EUNOS','M',1996,85165.00,'2.3L','MILLER CYCLE','68L','149Kw',5,'4A','4D SEDAN','FWD','2750mm'),(15186,'30','EUNOS','X SPORT',1996,37155.00,'1.8L','ELECTRONIC F/INJ','50L','99Kw',4,'5M','2D COUPE','FWD','2455mm'),(15199,'VALIANT','CHRYSLER','CM GLX',1979,8014.00,'4.3L','CARB','79L','120Kw',5,'3A','4D SEDAN','RWD','2820mm'),(15200,'300C','CHRYSLER','LE MY06 CRD',2006,57990.00,'3.0L','DIESEL TURBO F/INJ','71L','160Kw',5,'5A','4D SEDAN','RWD','3050mm'),(15201,'VOYAGER','CHRYSLER','RG SE',2002,52590.00,'3.3L','MULTI POINT F/INJ','75L','128Kw',7,'4A','4D WAGON','FWD','2787mm'),(15202,'CROSSFIRE','CHRYSLER','ZH ROADSTER',2005,75990.00,'3.2L','MULTI POINT F/INJ','60L','160Kw',2,'5ASeq','2D CONVERTIBLE','RWD','2400mm'),(15203,'VOYAGER','CHRYSLER','GS SE',1999,48200.00,'3.3L','MULTI POINT F/INJ','76L','116Kw',7,'4A','4D WAGON','FWD','2878mm'),(15204,'PT CRUISER','CHRYSLER','MY06 CLASSIC',2005,31990.00,'2.4L','MULTI POINT F/INJ','57L','105Kw',5,'4A','5D HATCHBACK','FWD','2616mm'),(15205,'PT CRUISER','CHRYSLER','CLASSIC',2001,35200.00,'2.0L','MULTI POINT F/INJ','57L','104Kw',5,'5M','5D HATCHBACK','FWD','2616mm'),(15207,'300C','CHRYSLER','LE MY06 SRT8',2006,71990.00,'6.1L','MULTI POINT F/INJ','71L','317Kw',5,'5A','4D SEDAN','RWD','3050mm'),(15208,'GRAND VOYAGER','CHRYSLER','RG SE',2004,59090.00,'3.3L','MULTI POINT F/INJ','75L','128Kw',7,'4A','4D WAGON','FWD','3030mm'),(15209,'NEON','CHRYSLER','SE',1997,24880.00,'2.0L','ELECTRONIC F/INJ','47L','98Kw',5,'3A','4D SEDAN','FWD','2642mm'),(15210,'PT CRUISER','CHRYSLER','CLASSIC',2004,32490.00,'2.0L','MULTI POINT F/INJ','57L','104Kw',5,'4A','5D HATCHBACK','FWD','2616mm'),(15220,'VOYAGER','CHRYSLER','RG 05 UPGRADE LX',2004,62980.00,'3.3L','MULTI POINT F/INJ','75L','128Kw',7,'4A','4D WAGON','FWD','3030mm'),(15221,'PT CRUISER','CHRYSLER','LIMITED',2004,38490.00,'2.0L','MULTI POINT F/INJ','57L','104Kw',5,'4A','5D HATCHBACK','FWD','2616mm'),(15222,'VOYAGER','CHRYSLER','GS SE',2001,46900.00,'3.3L','MULTI POINT F/INJ','76L','116Kw',7,'4A','4D WAGON','FWD','2878mm'),(15223,'323','MAZDA','PROTEGE',1999,20990.00,'1.6L','MULTI POINT F/INJ','55L','78Kw',5,'5M','4D SEDAN','FWD','2610mm'),(15224,'323','MAZDA','ASTINA',1997,35700.00,'2.0L','MULTI POINT F/INJ','55L','104Kw',5,'5M','5D HATCHBACK','FWD','2605mm'),(15225,'323','MAZDA','ASTINA SHADES',2001,20490.00,'1.6L','MULTI POINT F/INJ','55L','78Kw',5,'5M','5D HATCHBACK','FWD','2605mm'),(15226,'323','MAZDA','DELUXE',1983,8835.00,'1.5L','CARB','45L','54Kw',4,'5M','4D WAGON','RWD','2315mm'),(15227,'323','MAZDA','PROTEGE SHADES',2000,19715.00,'1.6L','MULTI POINT F/INJ','55L','78Kw',5,'5M','4D SEDAN','FWD','2610mm'),(15228,'323','MAZDA','PROTEGE',1997,22915.00,'1.8L','MULTI POINT F/INJ','55L','92Kw',5,'5M','4D SEDAN','FWD','2605mm'),(15229,'323','MAZDA','ASTINA',1995,31050.00,'1.8L','MULTI POINT F/INJ','55L','92Kw',5,'4A','5D HATCHBACK','FWD','2605mm'),(15230,'323','MAZDA','PROTEGE',1998,22915.00,'1.8L','MULTI POINT F/INJ','55L','92Kw',5,'5M','4D SEDAN','FWD','2605mm'),(15240,'323','MAZDA','PROTEGE',2000,19715.00,'1.6L','MULTI POINT F/INJ','55L','78Kw',5,'5M','4D SEDAN','FWD','2610mm'),(15241,'323','MAZDA','ASTINA',1993,25715.00,'1.8L','MULTI POINT F/INJ','55L','76Kw',5,'5M','5D HATCHBACK','FWD','2500mm'),(15242,'323','MAZDA','ASTINA SHADES',2000,19715.00,'1.6L','MULTI POINT F/INJ','55L','78Kw',5,'5M','5D HATCHBACK','FWD','2605mm'),(15243,'323','MAZDA','ASTINA',1996,38270.00,'2.0L','MULTI POINT F/INJ','55L','104Kw',5,'5M','5D HATCHBACK','FWD','2605mm'),(15244,'323','MAZDA','ASTINA',1998,28480.00,'1.8L','MULTI POINT F/INJ','55L','92Kw',5,'4A','5D HATCHBACK','FWD','2605mm'),(15245,'323','MAZDA','SUPER DELUXE',1989,20210.00,'1.6L','MULTI POINT F/INJ','48L','61Kw',5,'4A','5D HATCHBACK','FWD','2400mm'),(15246,'323','MAZDA','PROTEGE',2003,21840.00,'1.8L','MULTI POINT F/INJ','55L','92Kw',5,'4A','4D SEDAN','FWD','2610mm'),(15247,'323','MAZDA','ASTINA',2003,21840.00,'1.8L','MULTI POINT F/INJ','55L','92Kw',5,'4A','5D HATCHBACK','FWD','2610mm'),(15248,'323','MAZDA','SUPER DELUXE',1988,19390.00,'1.6L','CARB','48L','53Kw',5,'3A','5D HATCHBACK','FWD','2400mm'),(15249,'323','MAZDA','ASTINA SHADES',1998,26990.00,'1.8L','MULTI POINT F/INJ','55L','92Kw',5,'5M','5D HATCHBACK','FWD','2605mm'),(15250,'323','MAZDA','ASTINA SP',1994,30085.00,'1.8L','MULTI POINT F/INJ','55L','92Kw',5,'5M','5D HATCHBACK','FWD','2500mm'),(15259,'323','MAZDA','LIMITED',1985,15826.00,'1.6L','MULTI POINT F/INJ','45L','61Kw',5,'5M','5D HATCHBACK','FWD','2400mm'),(15260,'323','MAZDA','ASTINA SP20',2002,29180.00,'2.0L','MULTI POINT F/INJ','55L','98Kw',5,'5M','5D HATCHBACK','FWD','2610mm'),(15261,'323','MAZDA','PROTEGE SHADES',2002,20695.00,'1.6L','MULTI POINT F/INJ','55L','78Kw',5,'5M','4D SEDAN','FWD','2605mm'),(15263,'323','MAZDA','BJ PROTEGE SHADES',2003,19990.00,'1.8L','MULTI POINT F/INJ','55L','92Kw',5,'5M','4D SEDAN','FWD','2610mm'),(15264,'323','MAZDA','PROTEGE SP20',2002,26990.00,'2.0L','MULTI POINT F/INJ','55L','98Kw',5,'5M','4D SEDAN','FWD','2610mm'),(15280,'380','MITSUBISHI','DB',2005,35990.00,'3.8L','MULTI POINT F/INJ','67L','175Kw',5,'5ASPM','4D SEDAN','FWD','2750mm'),(15282,'4 RUNNER','TOYOTA','DELUXE 4x4',1989,28200.00,'2.4L','CARB','65L','75Kw',5,'5M4x4','4D WAGON','4WD','2625mm'),(15284,'4 RUNNER','TOYOTA','RV6 4x4',1992,36954.00,'3.0L','ELECTRONIC F/INJ','65L','105Kw',5,'4A4x4','4D WAGON','4WD','2625mm'),(15297,'626','MAZDA','CLASSIC',2000,31070.00,'2.0L','MULTI POINT F/INJ','64L','93Kw',5,'5M','5D HATCHBACK','FWD','2610mm'),(15300,'626','MAZDA','ECLIPSE',2002,31980.00,'2.0L','MULTI POINT F/INJ','64L','93Kw',5,'4A','4D SEDAN','FWD','2610mm'),(15301,'626','MAZDA','LUXURY',1999,37290.00,'2.0L','MULTI POINT F/INJ','64L','93Kw',5,'4A','5D HATCHBACK','FWD','2610mm'),(15302,'626','MAZDA','DELUXE',1994,31335.00,'2.0L','MULTI POINT F/INJ','60L','85Kw',5,'4A','4D SEDAN','FWD','2610mm'),(15303,'626','MAZDA','CLASSIC',1998,30180.00,'2.0L','MULTI POINT F/INJ','64L','93Kw',5,'5M','4D SEDAN','FWD','2610mm'),(15304,'626','MAZDA','CLASSIC',1999,32430.00,'2.0L','MULTI POINT F/INJ','64L','93Kw',5,'4A','4D SEDAN','FWD','2610mm'),(15305,'626','MAZDA','CLASSIC',2001,32900.00,'2.0L','MULTI POINT F/INJ','64L','93Kw',5,'4A','5D HATCHBACK','FWD','2610mm'),(15306,'626','MAZDA','LIMITED EDITION',2000,30160.00,'2.0L','MULTI POINT F/INJ','64L','93Kw',5,'5M','4D SEDAN','FWD','2610mm'),(15307,'A4','AUDI','B6 2.0',2002,50650.00,'2.0L','MULTI POINT F/INJ','70L','96Kw',5,'CVTM','4D SEDAN','FWD','2650mm'),(15308,'A3','AUDI','8P SPORTBACK 2.0 TDI AMBITION DSG',2005,47750.00,'2.0L','DIESEL TURBO F/INJ','55L','103Kw',5,'6ADSG','5D HATCHBACK','FWD','2578mm'),(15309,'90','AUDI','SPORT',1990,42245.00,'2.3L','ELECTRONIC F/INJ','68L','100Kw',5,'5M','4D SEDAN','FWD','2546mm'),(15310,'A4','AUDI','B7 2.0',2007,50450.00,'2.0L','MULTI POINT F/INJ','70L','96Kw',5,'CVTM','4D SEDAN','FWD','2648mm'),(15316,'TT','AUDI','MY99',1999,73000.00,'1.8L','TURBO MPFI','55L','132Kw',4,'5M','2D COUPE','FWD','2419mm'),(15317,'A4','AUDI','1.8 SE 20V',1996,51320.00,'1.8L','MULTI POINT F/INJ','60L','92Kw',5,'4A','4D SEDAN','FWD','2617mm'),(15321,'A4','AUDI','B6 2.0 AVANT',2003,54250.00,'2.0L','MULTI POINT F/INJ','70L','96Kw',5,'CVTM6','4D WAGON','FWD','2650mm'),(15322,'ALLROAD QUATTRO','AUDI','C5',2001,99250.00,'2.7L','TWIN TURBO MPFI','70L','184Kw',5,'5ATip','4D WAGON','AWD','2760mm'),(15323,'A3','AUDI','1.6',2003,35400.00,'1.6L','MULTI POINT F/INJ','55L','75Kw',5,'5M','5D HATCHBACK','FWD','2512mm'),(15324,'S3','AUDI','1.8',2000,65850.00,'1.8L','TURBO MPFI','62L','154Kw',5,'6M','3D HATCHBACK','AWD','2519mm'),(15325,'A3','AUDI','8P SPORTBACK 2.0 TDI AMBITION DSG',2006,47750.00,'2.0L','DIESEL TURBO F/INJ','55L','103Kw',5,'6ADSG','5D HATCHBACK','FWD','2578mm'),(15326,'A3','AUDI','1.8',1999,42450.00,'1.8L','MULTI POINT F/INJ','55L','92Kw',5,'4A','3D HATCHBACK','FWD','2512mm'),(15327,'A3','AUDI','1.8 TURBO',2004,44950.00,'1.8L','TURBO MPFI','55L','110Kw',5,'5M','5D HATCHBACK','FWD','2512mm'),(15328,'TT','AUDI','QUATTRO',2004,92500.00,'1.8L','TURBO MPFI','62L','165Kw',2,'6M','2D ROADSTER','AWD','2429mm'),(15329,'A3','AUDI','1.8',2002,38700.00,'1.8L','MULTI POINT F/INJ','55L','92Kw',5,'5M','5D HATCHBACK','FWD','2512mm'),(15330,'A6','AUDI','4B 2.4 V6',2003,80900.00,'2.4L','MULTI POINT F/INJ','70L','125Kw',5,'CVTM6','4D SEDAN','FWD','2749mm'),(15340,'9-Mar','SAAB','MY07 LINEAR SPORT 1.9TiD SPORTCOMBI',2007,53400.00,'1.9L','TURBO MPFI','58L','110Kw',5,'5A','4D WAGON','FWD','2675mm'),(15341,'9-May','SAAB','SE',2000,67986.00,'2.3L','TURBO MPFI','75L','125Kw',5,'4A','4D SEDAN','FWD','2703mm'),(15342,'9-Mar','SAAB','MY04 ARC 2.0T',2004,56400.00,'2.0L','TURBO MPFI','62L','129Kw',5,'5A','4D SEDAN','FWD','2675mm'),(15343,'9-Mar','SAAB','MY02 AERO',2002,64575.00,'2.0L','TURBO MPFI','68L','151Kw',5,'4A','5D HATCHBACK','FWD','2605mm'),(15344,'9-May','SAAB','MY04 AERO',2004,84900.00,'2.3L','TURBO MPFI','75L','184Kw',5,'5AST','4D SEDAN','FWD','2703mm'),(15345,'900','SAAB','SE 2.5 V6',1996,63900.00,'2.5L','MULTI POINT F/INJ','68L','125Kw',5,'4A','5D HATCHBACK','FWD','2600mm'),(15346,'9-Mar','SAAB','MY03 TURBO 2.0t LTD ED',2003,73000.00,'2.0L','TURBO MPFI','68L','110Kw',5,'4A','2D CONVERTIBLE','FWD','2605mm'),(15347,'9000','SAAB','CS ANNIVERSARY',1998,54900.00,'2.3L','TURBO EFI','66L','125Kw',5,'4A','4D HATCHBACK','FWD','2672mm'),(15348,'900','SAAB','S 2.5 V6',1994,45900.00,'2.5L','MULTI POINT F/INJ','68L','125Kw',5,'5M','5D HATCHBACK','FWD','2600mm'),(15349,'9-May','SAAB','MY01 S',2001,64000.00,'2.3L','TURBO MPFI','75L','136Kw',5,'4A','4D SEDAN','FWD','2703mm'),(15350,'9-Mar','SAAB','MY05 AERO',2005,93000.00,'2.0L','TURBO MPFI','62L','155Kw',4,'5ASEN','2D CONVERTIBLE','FWD','2675mm'),(15357,'9000','SAAB','CSE',1994,79200.00,'2.3L','TURBO EFI','66L','147Kw',5,'4A','4D HATCHBACK','FWD','2672mm'),(15360,'9-Mar','SAAB','AERO',2000,80887.00,'2.0L','TURBO MPFI','64L','158Kw',5,'5M','2D CONVERTIBLE','FWD','2605mm'),(15361,'9-Mar','SAAB','S',2001,63885.00,'2.0L','TURBO MPFI','68L','113Kw',4,'5M','2D CONVERTIBLE','FWD','2605mm'),(15362,'9-Mar','SAAB','MY04 AERO 2.0t',2004,67900.00,'2.0L','TURBO MPFI','62L','155Kw',5,'6M','4D SEDAN','FWD','2675mm'),(15363,'9000','SAAB','CS',1997,52000.00,'2.3L','TURBO EFI','66L','125Kw',5,'4A','4D HATCHBACK','FWD','2672mm'),(15364,'9000','SAAB','CS',1996,50400.00,'2.3L','TURBO EFI','66L','125Kw',5,'4A','4D HATCHBACK','FWD','2672mm'),(15365,'9-Mar','SAAB','S',2000,65985.00,'2.0L','TURBO MPFI','68L','113Kw',4,'4A','2D CONVERTIBLE','FWD','2605mm'),(15366,'9-Mar','SAAB','SE',1999,62000.00,'2.0L','TURBO MPFI','68L','136Kw',5,'4A','5D SEDAN','FWD','2605mm'),(15367,'9000','SAAB','CD 16',1993,46990.00,'2.3L','ELECTRONIC F/INJ','66L','108Kw',5,'4A','4D SEDAN','FWD','2672mm'),(15368,'929','MAZDA','DELUXE',1987,23010.00,'2.0L','MULTI POINT F/INJ','60L','70Kw',5,'5M','4D SEDAN','RWD','2615mm'),(15369,'929','MAZDA','LUXURY',1986,29600.00,'2.0L','MULTI POINT F/INJ','60L','70Kw',5,'4A','2D HARDTOP','RWD','2615mm'),(15400,'ACCORD','HONDA','40 VTi',2005,29990.00,'2.4L','MULTI POINT F/INJ','65L','118Kw',5,'5A','4D SEDAN','FWD','2740mm');
/*!40000 ALTER TABLE `car` ENABLE KEYS */;
UNLOCK TABLES;

--
-- Table structure for table `customer`
--

DROP TABLE IF EXISTS `customer`;
/*!40101 SET @saved_cs_client     = @@character_set_client */;
/*!40101 SET character_set_client = utf8 */;
CREATE TABLE `customer` (
  `CustomerID` int(11) NOT NULL AUTO_INCREMENT,
  `UserID` int(11) DEFAULT NULL,
  `CustomerName` varchar(255) NOT NULL,
  `CustomerPhoneNumber` varchar(255) NOT NULL,
  `CustomerAddress` varchar(255) NOT NULL,
  `CustomerOccupation` varchar(255) NOT NULL,
  `CustomerDOB` varchar(255) NOT NULL,
  `CustomerGender` varchar(45) NOT NULL,
  PRIMARY KEY (`CustomerID`),
  KEY `UserID_FK_idx` (`UserID`),
  CONSTRAINT `UserID_FK` FOREIGN KEY (`UserID`) REFERENCES `user` (`UserID`) ON DELETE CASCADE ON UPDATE NO ACTION
) ENGINE=InnoDB AUTO_INCREMENT=11560 DEFAULT CHARSET=latin1;
/*!40101 SET character_set_client = @saved_cs_client */;

--
-- Dumping data for table `customer`
--

LOCK TABLES `customer` WRITE;
/*!40000 ALTER TABLE `customer` DISABLE KEYS */;
INSERT INTO `customer` VALUES (11010,NULL,'Jacquelyn S','1 (11) 543 535-016*','7800 Corrinne Court','Labour','16/02/1968','M  '),(11011,NULL,'Curtis L','1 (11) 543 535-011*','1224 Shoenic','Labour','14/11/1967','M  '),(11012,NULL,'Lauren W','717-535-016*','4785 Scott Street','Labour','28/01/1972','F  '),(11013,NULL,'Ian J','817-535-018*','7902 Hudson Ave.','Labour','16/08/1972','M  '),(11014,NULL,'Sydney B','431-535-015*','9011 Tank Drive','Labour','19/05/1972','M  '),(11015,NULL,'Chloe Y','208-535-014*','244 Willow Pass Road','Labour','10/02/1983','F  '),(11016,NULL,'Wyatt H','135-535-017*','9666 Northridge Ct.','Labour','18/04/1983','M  '),(11017,NULL,'Shannon W','1 (11) 543 535-019*','7330 Saddlehill Lane','Labour','16/06/1948','M  '),(11018,NULL,'Clarence R','1 (11) 543 535-013*','244 Rivewview','Labour','19/10/1948','F  '),(11019,NULL,'Luke L','262-535-011*','7832 Landing Dr','Labour','10/03/1982','M  '),(11050,NULL,'Alan Z','1 (11) 543 535-013*','2741 Gainborough Dr.','Labour','10/09/1955','F  '),(11051,NULL,'Daniel J','1 (11) 543 535-015*','8085 Sunnyvale Avenue','Labour','14/08/1955','F  '),(11052,NULL,'Heidi L','1 (11) 543 535-016*','2514 Via Cordona','Labour','10/08/1955','F  '),(11053,NULL,'Ana P','859-535-011*','1660 Stonyhill Circle','Labour','10/08/1984','M  '),(11054,NULL,'Deanna M','1 (11) 543 535-019*','5825 B Way','Labour','20/03/1956','M  '),(11055,NULL,'Gilbert R','1 (11) 543 535-012*','8811 The Trees Dr.','Labour','15/03/1956','F  '),(11056,NULL,'Michele N','1 (11) 543 535-017*','5464 Janin Pl.','Labour','13/04/1957','M  '),(11057,NULL,'Carl A','1 (11) 543 535-018*','6930 Lake Nadine Place','Labour','21/10/1957','F  '),(11058,NULL,'Marc D','1 (11) 543 535-014*','6645 Sinaloa','Labour','10/04/1958','F  '),(11059,NULL,'Ashlee A','1 (11) 543 535-011*','8255 Highland Road','Labour','13/04/1958','F  '),(11111,NULL,'Meredith G','1 (11) 543 535-017*','7610 Northridge Ct.','Labour','13/02/1966','M  '),(11112,NULL,'Crystal W','1 (11) 543 535-013*','2773 Kirkwood Dr','Labour','19/09/1966','F  '),(11113,NULL,'Micheal B','1 (11) 543 535-013*','596 Marfargoa Drive','Labour','13/02/1966','M  '),(11114,NULL,'Leslie M','1 (11) 543 535-011*','7941 Cristobal','Labour','18/05/1966','M  '),(11115,NULL,'Alvin C','1 (11) 543 535-019*','7759 Azalea Avenue','Labour','21/02/1966','M  '),(11116,NULL,'Clinton C','1 (11) 543 535-018*','7943 Cunha Ct.','Labour','10/10/1966','M  '),(11117,NULL,'April D','1 (11) 543 535-018*','485 Ash Lane','Labour','13/02/1965','F  '),(11119,NULL,'Evan J','1 (11) 543 535-018*','4157 Sierra Ridge','Retiree','20/04/1939','F  '),(11150,NULL,'Russell S','1 (11) 543 535-019*','4755 Easley Drive','Retiree','25/03/1945','F  '),(11151,NULL,'Melinda G','1 (11) 543 535-011*','805 Rainier Dr.','Labour','15/02/1946','F  '),(11152,NULL,'James W','355-535-015*','6827 Seagull Court','Labour','20/01/1980','F  '),(11153,NULL,'Angela J','847-535-011*','8877 Weatherly Drive','Labour','13/06/1980','F  '),(11154,NULL,'Megan W','918-535-018*','6898 Holiday Hills','Labour','13/08/1980','F  '),(11155,NULL,'Hunter R','891-535-012*','8356 Mori Court','Labour','16/01/1980','F  '),(11156,NULL,'Maria R','158-535-019*','9452 Mariposa Ct.','Labour','10/02/1980','M  '),(11157,NULL,'Hannah L','974-535-017*','1832 Preston Ct.','Labour','23/06/1979','M  '),(11158,NULL,'Jason W','694-535-017*','6771 Bundros Court','Labour','18/10/1979','F  '),(11159,NULL,'Brianna H','319-535-018*','6793 Bonifacio St.','Labour','20/09/1979','F  '),(11210,NULL,'Edward W','229-535-011*','1039 Adelaide St.','Researcher','18/06/1952','M  '),(11213,NULL,'Stephanie M','293-535-015*','5514 Grant Street','Researcher','24/05/1953','M  '),(11214,NULL,'Charles M','389-535-011*','2719 Little Dr','Researcher','10/11/1953','F  '),(11215,NULL,'Ana P','446-535-013*','3114 Arlington Way','Researcher','13/06/1954','M  '),(11216,NULL,'Jasmine T','939-535-013*','8328 San Francisco','Researcher','10/05/1954','F  '),(11217,NULL,'Natalie A','300-535-015*','6592 Bent Tree Lane','Researcher','23/02/1954','F  '),(11218,NULL,'Olivia B','414-535-014*','3964 Stony Hill Circle','Researcher','23/09/1954','M  '),(11219,NULL,'Charles C','755-535-011*','6871 Bel Air Dr.','Researcher','11/12/1954','F  '),(11250,NULL,'Shannon L','1 (11) 543 535-011*','4185 Keywood Ct.','Manager','21/03/1959','F  '),(11251,NULL,'Xavier L','243-535-011*','9245 Dantley Way','Retiree','14/07/1936','M  '),(11252,NULL,'Nicholas T','377-535-014*','504 O St.','Retiree','10/06/1936','M  '),(11253,NULL,'Jose H','712-535-013*','5703 Donald Dr.','Retiree','18/02/1937','M  '),(11254,NULL,'Johnathan V','494-535-016*','9430 Versailles Pl','Retiree','13/03/1937','M  '),(11255,NULL,'Colin L','599-535-013*','6083 San Jose','Retiree','14/04/1937','F  '),(11256,NULL,'Katelyn H','249-535-011*','7496 Deerfield Dr.','Retiree','10/09/1937','M  '),(11257,NULL,'Jacqueline P','796-535-011*','4076 Northwood Dr','Retiree','16/01/1937','F  '),(11258,NULL,'Xavier H','559-535-014*','2707 Virgil Street','Retiree','18/06/1937','F  '),(11259,NULL,'Victoria S','230-535-013*','3623 Barquentine Court','Manager','10/03/1969','M  '),(11310,NULL,'Erin S','233-535-016*','7541 Black Point Pl','Manager','19/07/1957','M  '),(11311,NULL,'Gabrielle L','783-535-017*','8619 Parkside Dr.','Manager','14/08/1957','F  '),(11312,NULL,'Sara R','296-535-017*','7375 Kipling Court','Manager','13/04/1957','M  '),(11313,NULL,'Trevor J','120-535-012*','4697 Yosemite Dr.','Manager','10/02/1957','F  '),(11314,NULL,'Mya F','522-535-014*','8439 Rio Grande Drive','Manager','13/12/1957','F  '),(11315,NULL,'Hailey W','767-535-015*','6321 Maya','Manager','13/10/1957','F  '),(11316,NULL,'Luke A','786-535-013*','419 Deermeadow Way','Manager','20/11/1957','F  '),(11317,NULL,'Victoria R','663-535-019*','9268 Keller Ridge','Manager','20/09/1956','M  '),(11318,NULL,'Jessica W','702-535-018*','1652 Willcrest Circle','Manager','16/10/1956','M  '),(11319,NULL,'Jade B','819-535-016*','8119 Northridge Ct','Retiree','10/04/1941','F  '),(11350,NULL,'Cara Z','1 (11) 543 535-011*','7280 Greendell Pl','Retiree','24/01/1941','M  '),(11351,NULL,'Anne R','1 (11) 543 535-014*','7113 Eastgate Ave.','Retiree','16/04/1943','M  '),(11352,NULL,'Raymond R','1 (11) 543 535-013*','24, impasse Ste-Madeleine','Retiree','10/03/1944','F  '),(11353,NULL,'Carrie O','1 (11) 543 535-011*','1883 Cowell Rd.','Retiree','23/06/1945','M  '),(11354,NULL,'Deanna S','1 (11) 543 535-014*','Dunckerstr 22525','Manager','13/02/1946','M  '),(11355,NULL,'Roberto G','1 (11) 543 535-012*','3545 Chickpea Ct.','Manager','18/12/1946','M  '),(11356,NULL,'Terrence C','1 (11) 543 535-018*','6613 Thornhill Place','Manager','10/05/1984','F  '),(11357,NULL,'Ramon Y','1 (11) 543 535-014*','3245 Vista Oak Dr.','Manager','13/03/1983','M  '),(11358,NULL,'Cynthia M','1 (11) 543 535-018*','6757 Pamplona Ct.','Manager','23/11/1982','F  '),(11359,NULL,'Jarrod P','1 (11) 543 535-015*','7657 H St.','Manager','14/09/1982','M  '),(11410,NULL,'Maurice G','1 (11) 543 535-017*','15, avenue de la Gare','Manager','15/08/1972','M  '),(11411,NULL,'Devin R','1 (11) 543 535-017*','Postenweg 2428','Manager','21/02/1958','M  '),(11412,NULL,'Sydney B','1 (11) 543 535-015*','Postfach 99 92 92','Manager','19/04/1958','M  '),(11413,NULL,'Megan S','1 (11) 543 535-011*','8192 Seagull Court','Manager','25/04/1958','F  '),(11414,NULL,'Ian R','1 (11) 543 535-011*','726 W. Buchanan Rd.','Manager','28/03/1958','M  '),(11415,NULL,'Randy S','1 (11) 543 535-014*','Ro?str 5538','Manager','15/06/1948','M  '),(11416,NULL,'Katrina B','1 (11) 543 535-015*','8205, rue Malar','Manager','29/03/1949','F  '),(11417,NULL,'Lacey Z','1 (11) 543 535-017*','4, rue de Linois','Manager','16/02/1949','F  '),(11418,NULL,'Rafael H','1 (11) 543 535-015*','Zeiter Weg 7765','Manager','19/02/1949','M  '),(11419,NULL,'Kyle S','1 (11) 543 535-017*','9381 Alpine Rd.','Manager','28/02/1949','M  '),(11459,NULL,'Tasha D','1 (11) 543 535-017*','9627 Kendall Rd','Nurse','23/10/1976','M  '),(11510,NULL,'Seth R','199-535-014*','5989 Concord Ave','Nurse','23/07/1957','M  '),(11511,NULL,'Caleb P','786-535-013*','2324 Cherry Street','Nurse','24/06/1957','F  '),(11512,NULL,'Natalie C','178-535-014*','3481 Broadmoor Drive','Nurse','23/08/1958','M  '),(11513,NULL,'Alyssa H','805-535-018*','5780 Conifer Terrace','Nurse','10/09/1958','M  '),(11514,NULL,'Dalton D','994-535-015*','8033 Danesta Dr.','Nurse','10/04/1958','F  '),(11515,NULL,'Shannon H','458-535-011*','4679 Duke Way','Nurse','15/02/1958','F  '),(11516,NULL,'Mya G','211-535-011*','8826 Fine Drive','Nurse','13/10/1958','F  '),(11517,NULL,'Katherine B','802-535-013*','8761 Dancing Court','Nurse','10/06/1958','F  '),(11518,NULL,'Edward W','446-535-017*','2747 Carmel Dr.','Nurse','20/05/1959','F  '),(11519,NULL,'Jerome N','934-535-019*','9537 Ridgewood Drive','Nurse','20/03/1959','M  '),(11535,NULL,'Alexandria H','1 (11) 543 535-018*','11, rue de la Cavalerie','Retiree','18/07/1930','M  '),(11550,NULL,'Deb T','1 (11) 543 535-012*','7553 Harness Circle','Nurse','18/08/1972','M  '),(11551,NULL,'Shannon A','1 (11) 543 535-015*','268, avenue de l?Europe','Nurse','15/05/1971','F  '),(11552,NULL,'Eddie R','1 (11) 543 535-015*','Heiderplatz 662','Nurse','10/05/1971','M  '),(11553,NULL,'Sharon L','1 (11) 543 535-011*','6804 Coldwater Drive','Nurse','19/09/1971','F  '),(11554,NULL,'Sydney S','1 (11) 543 535-019*','88, avenue de l? Union Centrale','Retiree','18/09/1930','F  '),(11556,NULL,'Lucas E','1 (11) 543 535-015*','3663 A St.','Nurse','24/05/1971','M  '),(11557,NULL,'Felicia R','1 (11) 543 535-019*','9557 Steven Circle','Nurse','25/01/1971','M  '),(11558,NULL,'Ivan M','1 (11) 543 535-019*','5086 Nottingham Place','Nurse','11/08/1971','M  '),(11559,NULL,'Frederick S','1 (11) 543 535-011*','Rotth?user Weg 636','Nurse','26/12/1971','M  ');
/*!40000 ALTER TABLE `customer` ENABLE KEYS */;
UNLOCK TABLES;

--
-- Table structure for table `django_admin_log`
--

DROP TABLE IF EXISTS `django_admin_log`;
/*!40101 SET @saved_cs_client     = @@character_set_client */;
/*!40101 SET character_set_client = utf8 */;
CREATE TABLE `django_admin_log` (
  `id` int(11) NOT NULL AUTO_INCREMENT,
  `action_time` datetime(6) NOT NULL,
  `object_id` longtext,
  `object_repr` varchar(200) NOT NULL,
  `action_flag` smallint(5) unsigned NOT NULL,
  `change_message` longtext NOT NULL,
  `content_type_id` int(11) DEFAULT NULL,
  `user_id` int(11) NOT NULL,
  PRIMARY KEY (`id`),
  KEY `django_admin_log_content_type_id_c4bce8eb_fk_django_co` (`content_type_id`),
  KEY `django_admin_log_user_id_c564eba6_fk_auth_user_id` (`user_id`),
  CONSTRAINT `django_admin_log_content_type_id_c4bce8eb_fk_django_co` FOREIGN KEY (`content_type_id`) REFERENCES `django_content_type` (`id`),
  CONSTRAINT `django_admin_log_user_id_c564eba6_fk_auth_user_id` FOREIGN KEY (`user_id`) REFERENCES `auth_user` (`id`)
) ENGINE=InnoDB AUTO_INCREMENT=3 DEFAULT CHARSET=latin1;
/*!40101 SET character_set_client = @saved_cs_client */;

--
-- Dumping data for table `django_admin_log`
--

LOCK TABLES `django_admin_log` WRITE;
/*!40000 ALTER TABLE `django_admin_log` DISABLE KEYS */;
INSERT INTO `django_admin_log` VALUES (1,'2018-08-31 15:27:01.753313','2','n9154566',1,'[{\"added\": {}}]',4,1),(2,'2018-08-31 15:27:30.205725','2','n9154566',2,'[{\"changed\": {\"fields\": [\"first_name\", \"last_name\", \"email\", \"is_staff\", \"is_superuser\", \"user_permissions\"]}}]',4,1);
/*!40000 ALTER TABLE `django_admin_log` ENABLE KEYS */;
UNLOCK TABLES;

--
-- Table structure for table `django_content_type`
--

DROP TABLE IF EXISTS `django_content_type`;
/*!40101 SET @saved_cs_client     = @@character_set_client */;
/*!40101 SET character_set_client = utf8 */;
CREATE TABLE `django_content_type` (
  `id` int(11) NOT NULL AUTO_INCREMENT,
  `app_label` varchar(100) NOT NULL,
  `model` varchar(100) NOT NULL,
  PRIMARY KEY (`id`),
  UNIQUE KEY `django_content_type_app_label_model_76bd3d3b_uniq` (`app_label`,`model`)
) ENGINE=InnoDB AUTO_INCREMENT=7 DEFAULT CHARSET=latin1;
/*!40101 SET character_set_client = @saved_cs_client */;

--
-- Dumping data for table `django_content_type`
--

LOCK TABLES `django_content_type` WRITE;
/*!40000 ALTER TABLE `django_content_type` DISABLE KEYS */;
INSERT INTO `django_content_type` VALUES (1,'admin','logentry'),(3,'auth','group'),(2,'auth','permission'),(4,'auth','user'),(5,'contenttypes','contenttype'),(6,'sessions','session');
/*!40000 ALTER TABLE `django_content_type` ENABLE KEYS */;
UNLOCK TABLES;

--
-- Table structure for table `django_migrations`
--

DROP TABLE IF EXISTS `django_migrations`;
/*!40101 SET @saved_cs_client     = @@character_set_client */;
/*!40101 SET character_set_client = utf8 */;
CREATE TABLE `django_migrations` (
  `id` int(11) NOT NULL AUTO_INCREMENT,
  `app` varchar(255) NOT NULL,
  `name` varchar(255) NOT NULL,
  `applied` datetime(6) NOT NULL,
  PRIMARY KEY (`id`)
) ENGINE=InnoDB AUTO_INCREMENT=16 DEFAULT CHARSET=latin1;
/*!40101 SET character_set_client = @saved_cs_client */;

--
-- Dumping data for table `django_migrations`
--

LOCK TABLES `django_migrations` WRITE;
/*!40000 ALTER TABLE `django_migrations` DISABLE KEYS */;
INSERT INTO `django_migrations` VALUES (1,'contenttypes','0001_initial','2018-08-31 14:36:25.911148'),(2,'auth','0001_initial','2018-08-31 14:36:27.815221'),(3,'admin','0001_initial','2018-08-31 14:36:28.225476'),(4,'admin','0002_logentry_remove_auto_add','2018-08-31 14:36:28.264588'),(5,'admin','0003_logentry_add_action_flag_choices','2018-08-31 14:36:28.274450'),(6,'contenttypes','0002_remove_content_type_name','2018-08-31 14:36:28.509052'),(7,'auth','0002_alter_permission_name_max_length','2018-08-31 14:36:28.533641'),(8,'auth','0003_alter_user_email_max_length','2018-08-31 14:36:28.560386'),(9,'auth','0004_alter_user_username_opts','2018-08-31 14:36:28.575211'),(10,'auth','0005_alter_user_last_login_null','2018-08-31 14:36:28.694478'),(11,'auth','0006_require_contenttypes_0002','2018-08-31 14:36:28.702870'),(12,'auth','0007_alter_validators_add_error_messages','2018-08-31 14:36:28.717855'),(13,'auth','0008_alter_user_username_max_length','2018-08-31 14:36:28.741834'),(14,'auth','0009_alter_user_last_name_max_length','2018-08-31 14:36:28.767715'),(15,'sessions','0001_initial','2018-08-31 14:36:28.884048');
/*!40000 ALTER TABLE `django_migrations` ENABLE KEYS */;
UNLOCK TABLES;

--
-- Table structure for table `django_session`
--

DROP TABLE IF EXISTS `django_session`;
/*!40101 SET @saved_cs_client     = @@character_set_client */;
/*!40101 SET character_set_client = utf8 */;
CREATE TABLE `django_session` (
  `session_key` varchar(40) NOT NULL,
  `session_data` longtext NOT NULL,
  `expire_date` datetime(6) NOT NULL,
  PRIMARY KEY (`session_key`),
  KEY `django_session_expire_date_a5c62663` (`expire_date`)
) ENGINE=InnoDB DEFAULT CHARSET=latin1;
/*!40101 SET character_set_client = @saved_cs_client */;

--
-- Dumping data for table `django_session`
--

LOCK TABLES `django_session` WRITE;
/*!40000 ALTER TABLE `django_session` DISABLE KEYS */;
INSERT INTO `django_session` VALUES ('n6o7k966nacs9blke8s48agmgkpff3c7','OThiNTg0YmE1ZmEyNTk0NWNjNDE4ZWFlYWFmMGFiNDdlYWQ3YThjNzp7Il9hdXRoX3VzZXJfaWQiOiIxIiwiX2F1dGhfdXNlcl9iYWNrZW5kIjoiZGphbmdvLmNvbnRyaWIuYXV0aC5iYWNrZW5kcy5Nb2RlbEJhY2tlbmQiLCJfYXV0aF91c2VyX2hhc2giOiJlYWY3MzllODgzNDAzNmRhN2M1MzgzMjkwYzcwNTlmNWY2NjE5YTU0In0=','2018-09-14 15:26:25.782573');
/*!40000 ALTER TABLE `django_session` ENABLE KEYS */;
UNLOCK TABLES;

--
-- Table structure for table `orderrecord`
--

DROP TABLE IF EXISTS `orderrecord`;
/*!40101 SET @saved_cs_client     = @@character_set_client */;
/*!40101 SET character_set_client = utf8 */;
CREATE TABLE `orderrecord` (
  `OrderID` int(11) NOT NULL,
  `OrderCreateDate` varchar(255) NOT NULL,
  `OrderStatus` varchar(255) NOT NULL,
  `OrderPickupDate` varchar(255) NOT NULL,
  `OrderReturnDate` varchar(255) NOT NULL,
  `CustomerID` int(11) NOT NULL,
  `CarID` int(11) NOT NULL,
  `OrderPickupStoreID` int(11) NOT NULL,
  `OrderReturnStoreID` int(11) NOT NULL,
  PRIMARY KEY (`OrderID`),
  KEY `CustomerID_FK_idx` (`CustomerID`),
  KEY `OrderCarID_FK_idx` (`CarID`),
  KEY `OrderPickupStoreID_FK_idx` (`OrderPickupStoreID`),
  KEY `OrderReturnStoreID_FK_idx` (`OrderReturnStoreID`),
  CONSTRAINT `OrderCarID_FK` FOREIGN KEY (`CarID`) REFERENCES `car` (`CarID`) ON DELETE CASCADE ON UPDATE NO ACTION,
  CONSTRAINT `OrderCustomerID_FK` FOREIGN KEY (`CustomerID`) REFERENCES `customer` (`CustomerID`) ON DELETE CASCADE ON UPDATE NO ACTION,
  CONSTRAINT `OrderPickupStoreID_FK` FOREIGN KEY (`OrderPickupStoreID`) REFERENCES `store` (`StoreID`) ON DELETE CASCADE ON UPDATE NO ACTION,
  CONSTRAINT `OrderReturnStoreID_FK` FOREIGN KEY (`OrderReturnStoreID`) REFERENCES `store` (`StoreID`) ON DELETE CASCADE ON UPDATE NO ACTION
) ENGINE=InnoDB DEFAULT CHARSET=latin1;
/*!40101 SET character_set_client = @saved_cs_client */;

--
-- Dumping data for table `orderrecord`
--

LOCK TABLES `orderrecord` WRITE;
/*!40000 ALTER TABLE `orderrecord` DISABLE KEYS */;
INSERT INTO `orderrecord` VALUES (3,'20050703','Returned','20050703','20050711',11014,14806,3,16),(4,'20050704','Returned','20050704','20050709',11012,14816,12,8),(5,'20050705','Returned','20050705','20050710',11011,14810,5,5),(6,'20050706','Returned','20050709','20050715',11011,14812,6,25),(7,'20050707','Returned','20050707','20050715',11014,14814,7,14),(8,'20050708','Returned','20050709','20050716',11016,14816,8,29),(9,'20050709','Returned','20050709','20050718',11014,14818,9,18),(11,'20050711','Returned','20050711','20050716',11059,14811,11,13),(12,'20050712','Returned','20050715','20050813',11017,14812,25,25),(14,'20050714','Returned','20050715','20050719',11055,14814,14,14),(15,'20050715','Returned','20050715','20050724',11056,14815,15,15),(16,'20050716','Returned','20050716','20050817',11052,14816,29,29),(18,'20050718','Returned','20050718','20050723',11055,14818,18,18),(19,'20050719','Returned','20050720','20050810',11017,14819,14,14),(20,'20050720','Returned','20050723','20050804',11052,14835,15,35),(22,'20050722','Returned','20050722','20050808',11018,14839,17,39),(23,'20050723','Returned','20050723','20050807',11015,14838,15,25),(24,'20050724','Returned','20050727','20050812',11018,14843,19,19),(25,'20050725','Returned','20050725','20050814',11016,14850,25,5),(26,'20050726','Returned','20050729','20050814',11018,14847,21,21),(27,'20050727','Returned','20050727','20050812',11051,14846,19,3),(29,'20050729','Returned','20050729','20050818',11016,14858,29,9),(30,'20050730','Returned','20050730','20050820',11016,14860,30,10),(31,'20050731','Returned','20050731','20050824',11012,14831,21,24),(32,'20050801','Returned','20050804','20050806',11015,14832,21,21),(33,'20050802','Returned','20050802','20050807',11019,14833,33,15),(34,'20050803','Returned','20050803','20050824',11057,14834,21,21),(35,'20050804','Returned','20050804','20050813',11056,14835,35,35),(36,'20050805','Returned','20050805','20050826',11057,14836,23,23),(37,'20050806','Returned','20050806','20050815',11013,14837,37,37),(38,'20050807','Returned','20050807','20050828',11012,14838,25,25),(39,'20050808','Returned','20050808','20050816',11014,14839,39,9),(40,'20050809','Returned','20050810','20050921',11013,14880,40,15),(41,'20050810','Returned','20050810','20050819',11016,14842,1,1),(42,'20050811','Returned','20050814','20050816',11015,14855,13,13),(43,'20050812','Returned','20050812','20050817',11059,14846,3,10),(44,'20050813','Returned','20050816','20050828',11051,14859,15,19),(45,'20050814','Returned','20050814','20050823',11053,14850,5,5),(46,'20050815','Returned','20050815','20050901',11051,14863,17,23),(47,'20050816','Returned','20050816','20050824',11053,14854,7,14),(48,'20050817','Returned','20050818','20050908',11017,14870,22,30),(49,'20050818','Returned','20050818','20050827',11053,14858,9,18),(50,'20050819','Returned','20050820','20050829',11050,14860,10,11),(51,'20050820','Returned','20050821','20050825',11015,14851,22,22),(52,'20050821','Returned','20050821','20050907',11015,14852,23,16),(53,'20050822','Returned','20050822','20050910',11018,14853,9,9),(54,'20050823','Returned','20050824','20050912',11053,14854,14,14),(55,'20050824','Returned','20050824','20050915',11012,14831,24,24),(56,'20050825','Returned','20050826','20050910',11019,14856,16,14),(57,'20050826','Returned','20050826','20050914',11018,14857,13,13),(58,'20050827','Returned','20050827','20050912',11011,14858,18,18),(59,'20050828','Returned','20050828','20050913',11019,14859,19,9),(60,'20050829','Returned','20050829','20050910',11012,14860,11,11),(61,'20050830','Returned','20050830','20050918',11054,14861,17,21),(63,'20050901','Returned','20050901','20050910',11053,14863,23,23),(64,'20050902','Returned','20050902','20050923',11052,14864,17,17),(65,'20050903','Returned','20050903','20050911',11054,14865,18,25),(66,'20050904','Returned','20050905','20050913',11056,14866,26,26),(67,'20050905','Returned','20050905','20050910',11011,14867,27,27),(68,'20050906','Returned','20050907','20050907',11057,14852,16,17),(69,'20050907','Returned','20050907','20050928',11057,14852,17,17),(70,'20050908','Returned','20050908','20050913',11055,14870,30,30),(71,'20050909','Returned','20050909','20050914',11011,14871,31,31),(72,'20050910','Returned','20050911','20051001',11010,14872,32,21),(73,'20050911','Returned','20050911','20050916',11015,14873,23,23),(74,'20050912','Returned','20050915','20050917',11015,14874,24,24),(75,'20050913','Returned','20050914','20051014',11017,14875,28,28),(76,'20050914','Returned','20050915','20050919',11015,14876,26,26),(77,'20050915','Returned','20050915','20050924',11013,14877,37,37),(78,'20050916','Returned','20050917','20050924',11014,14878,38,13),(79,'20050917','Returned','20050917','20050925',11014,14879,39,14),(80,'20050918','Returned','20050921','20051019',11017,14880,15,15),(81,'20050919','Returned','20050919','20050924',11051,14881,13,13),(82,'20050920','Returned','20050920','20051011',11057,14882,12,12),(83,'20050921','Returned','20050921','20050926',11055,14883,3,3),(84,'20050922','Returned','20050923','20051010',11010,14884,4,4),(85,'20050923','Returned','20050924','20051014',11052,14885,20,20),(87,'20050925','Returned','20050925','20051013',11058,14887,7,7),(88,'20050926','Returned','20050926','20051017',11052,14888,23,23),(89,'20050927','Returned','20050927','20051012',11051,14889,21,21),(90,'20050928','Returned','20050929','20051019',11057,14890,20,20),(91,'20050929','Returned','20050929','20051017',11014,14891,11,10),(93,'20051001','Returned','20051001','20051007',11012,14872,21,26),(95,'20051003','Returned','20051003','20051008',11015,14895,25,25),(96,'20051004','Returned','20051005','20051009',11051,14896,26,26),(97,'20051005','Returned','20051005','20051013',11014,14897,17,14),(98,'20051006','Returned','20051007','20051027',11012,14872,26,26),(99,'20051007','Returned','20051008','20051028',11017,14899,14,14),(100,'20051008','Returned','20051009','20051017',11016,14900,20,20),(101,'20051009','Returned','20051009','20051018',11113,14901,21,21),(102,'20051010','Returned','20051010','20051018',11114,14902,17,22),(103,'20051011','Returned','20051011','20051022',11114,14903,18,10),(104,'20051012','Returned','20051015','20051021',11116,14904,24,24),(105,'20051013','Returned','20051013','20051018',11115,14905,25,25),(106,'20051014','Returned','20051014','20051025',11112,14906,21,10),(107,'20051015','Returned','20051015','20051024',11113,14907,27,27),(108,'20051016','Returned','20051017','20051021',11111,14908,20,20),(109,'20051017','Returned','20051017','20051022',11119,14909,29,15),(110,'20051018','Returned','20051021','20051119',11112,14910,25,25),(111,'20051019','Returned','20051019','20051110',11117,14911,21,21),(112,'20051020','Returned','20051021','20051025',11119,14912,32,10),(113,'20051021','Returned','20051022','20051026',11114,14903,10,14),(114,'20051022','Returned','20051023','20051027',11111,14914,26,26),(115,'20051023','Returned','20051023','20051028',11115,14915,35,35),(116,'20051024','Returned','20051025','20051108',11111,14906,10,25),(117,'20051025','Returned','20051026','20051026',11114,14903,14,15),(118,'20051026','Returned','20051026','20051028',11112,14903,15,16),(119,'20051027','Returned','20051028','20051115',11114,14903,16,39),(120,'20051028','Returned','20051028','20051110',11117,14920,12,13),(121,'20051029','Returned','20051029','20051117',11114,14921,18,1),(122,'20051030','Returned','20051030','20051118',11158,14922,2,2),(123,'20051031','Returned','20051031','20051112',11116,14923,3,9),(124,'20051101','Returned','20051101','20051112',11111,14924,15,10),(125,'20051102','Returned','20051102','20051111',11116,14925,5,5),(126,'20051103','Returned','20051104','20051124',11112,14926,20,20),(127,'20051104','Returned','20051104','20051128',11115,14927,7,24),(128,'20051105','Returned','20051106','20051113',11158,14928,8,8),(129,'20051106','Returned','20051107','20051201',11159,14929,20,25),(130,'20051107','Returned','20051107','20051115',11114,14930,24,10),(131,'20051108','Returned','20051108','20051114',11157,14906,25,31),(132,'20051109','Returned','20051112','20051115',11156,14923,9,15),(133,'20051110','Returned','20051110','20051114',11158,14920,13,16),(134,'20051111','Returned','20051112','20051112',11114,14924,10,11),(135,'20051112','Returned','20051112','20051210',11150,14924,11,28),(136,'20051113','Returned','20051114','20051116',11119,14920,16,19),(137,'20051114','Returned','20051114','20051215',11157,14906,31,31),(138,'20051115','Returned','20051115','20051124',11156,14923,15,15),(139,'20051116','Returned','20051116','20051206',11151,14920,19,36),(140,'20051117','Returned','20051118','20051122',11155,14940,20,20),(141,'20051118','Returned','20051118','20051210',11154,14941,21,12),(142,'20051119','Returned','20051119','20051210',11152,14942,18,18),(143,'20051120','Returned','20051120','20051202',11154,14943,23,12),(144,'20051121','Returned','20051124','20051206',11153,14944,21,14),(145,'20051122','Returned','20051122','20051211',11116,14945,25,25),(146,'20051123','Returned','20051124','20051128',11155,14946,26,26),(147,'20051124','Returned','20051124','20051205',11117,14947,18,10),(148,'20051125','Returned','20051126','20051210',11119,14948,28,11),(149,'20051126','Returned','20051127','20051215',11153,14949,26,26),(150,'20051127','Returned','20051127','20051215',11154,14950,30,30),(151,'20051128','Returned','20051128','20051213',11111,14927,24,24),(152,'20051129','Returned','20051129','20051210',11157,14924,28,28),(153,'20051130','Returned','20051130','20051219',11153,14941,12,12),(154,'20051201','Returned','20051201','20051206',11111,14929,25,25),(155,'20051202','Returned','20051202','20051207',11156,14943,12,16),(156,'20051203','Returned','20051206','20051208',11155,14920,36,36),(157,'20051204','Returned','20051205','20051209',11159,14947,10,12),(158,'20051205','Returned','20051206','20051208',11157,14944,14,17),(159,'20051206','Returned','20051207','20051207',11156,14943,16,17),(160,'20051207','Returned','20051207','20051211',11153,14943,17,20),(161,'20051208','Returned','20051208','20051212',11152,14944,17,20),(162,'20051209','Returned','20051210','20060103',11154,14967,2,26),(163,'20051210','Returned','20051211','20051215',11156,14943,20,25),(164,'20051211','Returned','20051212','20051218',11150,14944,20,27),(165,'20051212','Returned','20051212','20051222',11158,14960,5,15),(166,'20051213','Returned','20051213','20051219',11154,14961,6,9),(167,'20051214','Returned','20051214','20051224',11154,14962,7,14),(168,'20051215','Returned','20051215','20051224',11156,14943,25,25),(169,'20051216','Returned','20051216','20051224',11158,14964,9,9),(170,'20051217','Returned','20051220','20051219',11156,14961,9,11),(171,'20051218','Returned','20051218','20051220',11157,14944,27,29),(172,'20051219','Returned','20051219','20060111',11156,14961,11,22),(173,'20051220','Returned','20051220','20060111',11152,14944,29,29),(174,'20051221','Returned','20051222','20060101',11158,14969,14,25),(175,'20051222','Returned','20051222','20060110',11158,14960,15,15),(176,'20051223','Returned','20051224','20051224',11157,14962,14,15),(177,'20051224','Returned','20051224','20051226',11152,14962,15,16),(178,'20051225','Returned','20051226','20051226',11152,14962,16,17),(179,'20051226','Returned','20051226','20051228',11152,14962,17,20),(180,'20051227','Returned','20051228','20060110',11155,14962,20,20),(181,'20051228','Returned','20051228','20060103',11154,14966,21,21),(182,'20051229','Returned','20051229','20060115',11157,14962,20,38),(183,'20051230','Returned','20051230','20060106',11156,14961,22,30),(184,'20051231','Returned','20051231','20060116',11159,14965,19,15),(185,'20060101','Returned','20060101','20060105',11158,14969,25,28),(186,'20060102','Returned','20060103','20060106',11151,14967,26,22),(187,'20060103','Returned','20060103','20060112',11153,14966,21,21),(188,'20060104','Returned','20060105','20060109',11151,14969,28,28),(189,'20060105','Returned','20060106','20060107',11157,14967,22,24),(190,'20060106','Returned','20060106','20060111',11151,14961,30,30),(191,'20060107','Returned','20060107','20060110',11152,14967,24,26),(193,'20060109','Returned','20060110','20060112',11157,14967,26,28),(194,'20060110','Returned','20060113','20060112',11150,14985,9,11),(195,'20060111','Returned','20060112','20060212',11152,14967,28,28),(196,'20060112','Returned','20060112','20060113',11150,14985,11,12),(197,'20060113','Returned','20060113','20060121',11150,14985,12,12),(198,'20060114','Returned','20060115','20060122',11158,14962,38,38),(199,'20060115','Returned','20060115','20060124',11156,14984,15,15),(200,'20060116','Returned','20060117','20060121',11154,15004,40,4),(201,'20060117','Returned','20060117','20060203',11250,15001,1,18),(202,'20060118','Returned','20060119','20060123',11259,15002,2,11),(203,'20060119','Returned','20060119','20060211',11258,15003,18,12),(204,'20060120','Returned','20060121','20060129',11256,15004,4,13),(205,'20060121','Returned','20060121','20060127',11251,15005,5,11),(206,'20060122','Returned','20060125','20060211',11259,15006,6,9),(207,'20060123','Returned','20060123','20060212',11253,15007,7,7),(208,'20060124','Returned','20060124','20060224',11258,15008,23,38),(209,'20060125','Returned','20060125','20060202',11253,15009,9,16),(210,'20060126','Returned','20060127','20060211',11251,15010,10,10),(211,'20060127','Returned','20060127','20060211',11254,15005,11,14),(212,'20060128','Returned','20060128','20060224',11251,15003,12,39),(213,'20060129','Returned','20060129','20060214',11259,15004,13,14),(214,'20060130','Returned','20060130','20060218',11251,15005,14,32),(215,'20060131','Returned','20060131','20060220',11255,15006,9,28),(216,'20060201','Returned','20060202','20060218',11254,15009,16,24),(217,'20060202','Returned','20060202','20060210',11250,15000,17,17),(218,'20060203','Returned','20060203','20060216',11250,15001,18,31),(220,'20060205','Returned','20060206','20060210',11251,15020,20,20),(222,'20060207','Returned','20060208','20060212',11251,15022,22,22),(223,'20060208','Returned','20060208','20060217',11253,15023,23,23),(224,'20060209','Returned','20060212','20060310',11256,15024,24,29),(225,'20060210','Returned','20060210','20060218',11258,15025,19,19),(226,'20060211','Returned','20060211','20060312',11252,15026,15,15),(227,'20060212','Returned','20060212','20060221',11256,15027,27,27),(228,'20060213','Returned','20060214','20060222',11256,15028,28,28),(229,'20060214','Returned','20060214','20060219',11259,15029,29,11),(230,'20060215','Returned','20060218','20060316',11252,15030,19,19),(231,'20060216','Returned','20060216','20060221',11251,15001,31,31),(232,'20060217','Returned','20060218','20060225',11254,15005,32,10),(233,'20060218','Returned','20060218','20060220',11255,15009,24,35),(234,'20060219','Returned','20060220','20060222',11217,15006,28,31),(235,'20060220','Returned','20060220','20060228',11256,15009,35,35),(236,'20060221','Returned','20060224','20060312',11252,15011,25,25),(237,'20060222','Returned','20060222','20060313',11217,15006,31,31),(238,'20060223','Returned','20060224','20060228',11251,15008,38,38),(239,'20060224','Returned','20060224','20060313',11256,15003,39,39),(240,'20060225','Returned','20060228','20060315',11219,15040,13,18),(241,'20060226','Returned','20060227','20060312',11219,15041,14,15),(243,'20060228','Returned','20060228','20060308',11213,15043,20,11),(244,'20060301','Returned','20060302','20060405',11218,15044,4,39),(245,'20060302','Returned','20060302','20060320',11215,15045,5,18),(246,'20060303','Returned','20060304','20060328',11217,15046,22,30),(247,'20060304','Returned','20060304','20060312',11218,15047,7,12),(248,'20060305','Returned','20060305','20060320',11216,15048,25,22),(249,'20060306','Returned','20060306','20060324',11214,15049,9,27),(250,'20060307','Returned','20060307','20060312',11219,15050,23,11),(251,'20060308','Returned','20060308','20060314',11259,15043,11,17),(252,'20060309','Returned','20060312','20060313',11254,15047,12,9),(253,'20060310','Returned','20060310','20060411',11257,15024,29,29),(254,'20060311','Returned','20060314','20060318',11210,15042,12,20),(255,'20060312','Returned','20060312','20060316',11256,15041,15,19),(256,'20060313','Returned','20060313','20060319',11252,15047,9,14),(257,'20060314','Returned','20060314','20060323',11256,15043,17,17),(258,'20060315','Returned','20060315','20060324',11251,15040,18,24),(259,'20060316','Returned','20060316','20060324',11259,15041,19,26),(260,'20060317','Returned','20060318','20060410',11259,15042,20,31),(261,'20060318','Returned','20060319','20060410',11252,15047,14,32),(262,'20060319','Returned','20060320','20060403',11253,15048,22,37),(263,'20060320','Returned','20060320','20060323',11255,15045,18,20),(264,'20060321','Returned','20060324','20060326',11256,15040,24,28),(265,'20060322','Returned','20060323','20060326',11255,15045,20,24),(266,'20060323','Returned','20060324','20060411',11250,15041,26,26),(267,'20060324','Returned','20060324','20060329',11251,15049,27,27),(268,'20060325','Returned','20060326','20060401',11259,15040,28,35),(269,'20060326','Returned','20060326','20060411',11255,15045,24,24),(270,'20060327','Returned','20060327','20060328',11253,15046,30,31),(271,'20060328','Returned','20060328','20060412',11254,15046,31,34),(272,'20060329','Returned','20060329','20060405',11254,15047,32,36),(273,'20060330','Returned','20060330','20060411',11257,15042,31,31),(274,'20060331','Returned','20060331','20060416',11251,15046,34,34),(275,'20060401','Returned','20060401','20060410',11256,15040,35,35),(276,'20060402','Returned','20060405','20060407',11259,15047,36,15),(277,'20060403','Returned','20060403','20060408',11259,15048,37,8),(278,'20060404','Returned','20060404','20060415',11255,15066,12,22),(279,'20060405','Returned','20060405','20060414',11256,15044,39,39),(280,'20060406','Returned','20060406','20060413',11257,15063,17,24),(281,'20060407','Returned','20060407','20060513',11251,15082,1,37),(282,'20060408','Returned','20060409','20060417',11256,15087,2,2),(283,'20060409','Returned','20060409','20060411',11252,15068,15,17),(284,'20060410','Returned','20060411','20060419',11254,15088,4,13),(285,'20060411','Returned','20060411','20060512',11252,15068,17,17),(286,'20060412','Returned','20060412','20060419',11256,15081,6,9),(287,'20060413','Returned','20060413','20060416',11258,15063,24,26),(288,'20060414','Returned','20060415','20060419',11255,15066,22,22),(289,'20060415','Returned','20060416','20060423',11258,15063,26,31),(290,'20060416','Returned','20060419','20060424',11258,15081,9,17),(291,'20060417','Returned','20060417','20060507',11250,15085,11,31),(292,'20060418','Returned','20060418','20060515',11251,15083,12,39),(293,'20060419','Returned','20060419','20060423',11256,15088,13,17),(294,'20060420','Returned','20060423','20060511',11257,15063,31,31),(295,'20060421','Returned','20060421','20060426',11255,15084,11,11),(296,'20060422','Returned','20060423','20060425',11254,15080,16,19),(297,'20060423','Returned','20060423','20060428',11259,15088,17,12),(298,'20060424','Returned','20060424','20060515',11257,15081,17,17),(299,'20060425','Returned','20060425','20060510',11259,15080,19,14),(300,'20060426','Returned','20060427','20060515',11253,15100,20,20),(301,'20060427','Returned','20060427','20060508',11355,15101,21,11),(302,'20060428','Returned','20060429','20060513',11359,15102,22,10),(303,'20060429','Returned','20060429','20060514',11351,15103,19,19),(304,'20060430','Returned','20060430','20060512',11350,15104,24,12),(305,'20060501','Returned','20060501','20060510',11353,15105,25,25),(306,'20060502','Returned','20060502','20060514',11354,15106,23,12),(307,'20060503','Returned','20060503','20060508',11355,15107,27,27),(308,'20060504','Returned','20060504','20060525',11352,15108,25,25),(309,'20060505','Returned','20060505','20060514',11353,15109,29,29),(310,'20060506','Returned','20060506','20060511',11351,15110,24,24),(311,'20060507','Returned','20060507','20060511',11350,15085,31,34),(312,'20060508','Returned','20060508','20060509',11354,15101,11,12),(313,'20060509','Returned','20060509','20060517',11354,15101,12,33),(314,'20060510','Returned','20060511','20060515',11359,15085,34,12),(315,'20060511','Returned','20060511','20060519',11350,15089,35,35),(316,'20060512','Returned','20060512','20060517',11351,15104,12,12),(317,'20060513','Returned','20060513','20060522',11353,15082,37,37),(318,'20060514','Returned','20060514','20060527',11357,15106,12,25),(319,'20060515','Returned','20060515','20060523',11350,15083,39,39),(320,'20060516','Returned','20060517','20060521',11350,15124,40,4),(321,'20060517','Returned','20060517','20060525',11350,15121,1,1),(322,'20060518','Returned','20060518','20060624',11354,15122,21,38),(323,'20060519','Returned','20060519','20060618',11356,15123,3,33),(324,'20060520','Returned','20060521','20060620',11353,15124,4,34),(325,'20060521','Returned','20060521','20060529',11358,15125,5,5),(326,'20060522','Returned','20060525','20060613',11352,15126,25,25),(327,'20060523','Returned','20060523','20060603',11357,15127,21,10),(328,'20060524','Returned','20060525','20060611',11358,15128,8,14),(329,'20060525','Returned','20060525','20060602',11357,15129,23,16),(330,'20060526','Returned','20060526','20060617',11352,15130,29,29),(331,'20060527','Returned','20060527','20060529',11312,15106,25,26),(332,'20060528','Returned','20060529','20060619',11312,15106,26,26),(333,'20060529','Returned','20060529','20060612',11318,15119,14,16),(334,'20060530','Returned','20060530','20060618',11350,15128,14,14),(335,'20060531','Returned','20060531','20060612',11317,15119,16,16),(336,'20060601','Returned','20060602','20060604',11314,15129,16,19),(337,'20060602','Returned','20060603','20060603',11312,15127,10,11),(338,'20060603','Returned','20060603','20060622',11312,15127,11,37),(339,'20060604','Returned','20060604','20060620',11319,15129,19,35),(340,'20060605','Returned','20060605','20060616',11351,15140,15,11),(342,'20060607','Returned','20060608','20060706',11314,15142,22,28),(343,'20060608','Returned','20060608','20060613',11311,15143,23,23),(344,'20060609','Returned','20060612','20060618',11316,15144,24,24),(346,'20060611','Returned','20060612','20060616',11311,15146,26,26),(347,'20060612','Returned','20060613','20060713',11312,15147,20,20),(348,'20060613','Returned','20060614','20060714',11317,15148,26,26),(349,'20060614','Returned','20060614','20060715',11317,15149,27,27),(350,'20060615','Returned','20060618','20060623',11314,15150,30,16),(351,'20060616','Returned','20060616','20060617',11318,15140,11,12),(352,'20060617','Returned','20060617','20060624',11318,15140,12,19),(353,'20060618','Returned','20060618','20060626',11311,15123,33,40),(354,'20060619','Returned','20060620','20060624',11311,15124,34,34),(355,'20060620','Returned','20060620','20060624',11316,15129,35,36),(356,'20060621','Returned','20060624','20060629',11314,15129,36,14),(357,'20060622','Returned','20060622','20060627',11319,15127,37,11),(358,'20060623','Returned','20060624','20060712',11313,15122,38,38),(359,'20060624','Returned','20060624','20060715',11317,15140,19,19),(360,'20060625','Returned','20060626','20060713',11314,15123,40,10),(361,'20060626','Returned','20060626','20060706',11316,15165,1,11),(362,'20060627','Returned','20060628','20060708',11313,15166,2,13),(364,'20060629','Returned','20060629','20060810',11316,15168,4,35),(365,'20060630','Returned','20060630','20060704',11316,15169,5,9),(367,'20060702','Returned','20060702','20060713',11316,15161,7,18),(368,'20060703','Returned','20060704','20060710',11313,15162,8,12),(369,'20060704','Returned','20060704','20060710',11311,15169,9,15),(370,'20060705','Returned','20060706','20060726',11317,15142,28,28),(371,'20060706','Returned','20060706','20060712',11313,15165,11,12),(372,'20060707','Returned','20060710','20060712',11319,15162,12,8),(373,'20060708','Returned','20060708','20060712',11314,15166,13,16),(374,'20060709','Returned','20060710','20060717',11318,15167,14,14),(375,'20060710','Returned','20060710','20060714',11313,15169,15,19),(376,'20060711','Returned','20060712','20060718',11319,15166,16,23),(377,'20060712','Returned','20060712','20060717',11312,15165,12,17),(378,'20060713','Returned','20060713','20060716',11310,15161,18,21),(379,'20060714','Returned','20060714','20060722',11319,15169,19,26),(380,'20060715','Returned','20060716','20060724',11310,15163,20,29),(381,'20060716','Returned','20060716','20060721',11319,15161,21,9),(382,'20060717','Returned','20060717','20060721',11312,15165,17,19),(383,'20060718','Returned','20060718','20060728',11318,15166,23,12),(384,'20060719','Returned','20060722','20060721',11312,15165,19,20),(385,'20060720','Returned','20060721','20060723',11312,15165,20,23),(386,'20060721','Returned','20060722','20060814',11318,15169,26,36),(387,'20060722','Returned','20060722','20060810',11314,15160,27,11),(388,'20060723','Returned','20060723','20060726',11312,15165,23,31),(389,'20060724','Returned','20060724','20060813',11313,15163,29,29),(390,'20060725','Returned','20060728','20060728',11318,15166,12,33),(391,'20060726','Returned','20060726','20060815',11313,15165,31,31),(392,'20060727','Returned','20060727','20060816',11315,15181,11,31),(393,'20060728','Returned','20060728','20060816',11310,15166,33,33),(395,'20060730','Returned','20060730','20060818',11310,15168,35,35),(396,'20060731','Returned','20060731','20060819',11310,15169,36,36),(397,'20060801','Returned','20060801','20060802',11312,15186,11,12),(398,'20060802','Returned','20060802','20060823',11312,15186,12,12),(399,'20060803','Returned','20060803','20060808',11315,15184,15,15),(400,'20060804','Returned','20060805','20060813',11315,15209,16,9),(401,'20060805','Returned','20060805','20060813',11410,15201,1,1),(402,'20060806','Returned','20060807','20060821',11419,15202,2,14),(403,'20060807','Returned','20060807','20060812',11415,15203,3,3),(404,'20060808','Returned','20060809','20060819',11410,15204,4,15),(405,'20060809','Returned','20060809','20060908',11418,15205,5,34),(407,'20060811','Returned','20060811','20060819',11411,15207,23,14),(408,'20060812','Returned','20060813','20060823',11416,15208,8,19),(409,'20060813','Returned','20060813','20060822',11416,15209,9,9),(410,'20060814','Returned','20060814','20060915',11412,15210,29,29),(411,'20060815','Returned','20060815','20060821',11419,15200,11,17),(412,'20060816','Returned','20060816','20060917',11412,15181,31,31),(414,'20060818','Returned','20060819','20060909',11416,15207,14,36),(415,'20060819','Returned','20060819','20060906',11419,15204,15,33),(416,'20060820','Returned','20060821','20060825',11411,15202,14,14),(417,'20060821','Returned','20060821','20060906',11413,15200,17,32),(418,'20060822','Returned','20060822','20060910',11414,15199,19,18),(419,'20060823','Returned','20060823','20060828',11419,15208,19,13),(420,'20060824','Returned','20060825','20060904',11418,15220,20,11),(421,'20060825','Returned','20060825','20060914',11416,15221,21,21),(422,'20060826','Returned','20060827','20060911',11411,15222,20,20),(423,'20060827','Returned','20060827','20060908',11418,15223,23,12),(424,'20060828','Returned','20060828','20060926',11415,15224,24,14),(425,'20060829','Returned','20060829','20060925',11412,15225,26,26),(426,'20060830','Returned','20060830','20060915',11411,15226,24,24),(427,'20060831','Returned','20060831','20060916',11411,15227,25,25),(428,'20060901','Returned','20060902','20060910',11413,15228,28,28),(429,'20060902','Returned','20060902','20060907',11411,15229,24,24),(430,'20060903','Returned','20060903','20060912',11416,15230,30,30),(431,'20060904','Returned','20060904','20060912',11414,15220,11,19),(432,'20060905','Returned','20060906','20060912',11415,15200,32,38),(433,'20060906','Returned','20060906','20060914',11418,15204,33,33),(434,'20060907','Returned','20060908','20060910',11410,15205,34,37),(435,'20060908','Returned','20060908','20060913',11411,15223,12,12),(436,'20060909','Returned','20060909','20060917',11418,15207,36,36),(437,'20060910','Returned','20060910','20060915',11415,15205,37,37),(438,'20060911','Returned','20060912','20060920',11416,15200,38,38),(439,'20060912','Returned','20060912','20060920',11414,15220,19,39),(440,'20060913','Returned','20060914','20060914',11418,15241,40,1),(441,'20060914','Returned','20060914','20060926',11418,15241,1,13),(442,'20060915','Returned','20060916','20060928',11415,15242,2,14),(443,'20060916','Returned','20060916','20060928',11416,15243,3,15),(444,'20060917','Returned','20060918','20061006',11410,15244,4,22),(445,'20060918','Returned','20060918','20061010',11412,15245,25,27),(446,'20060919','Returned','20060922','20060928',11416,15246,6,6),(447,'20060920','Returned','20060920','20061002',11419,15247,7,19),(448,'20060921','Returned','20060922','20061012',11412,15248,28,10),(449,'20060922','Returned','20060922','20061010',11415,15249,9,17),(450,'20060923','Returned','20060926','20061011',11414,15250,12,10),(451,'20060924','Returned','20060925','20061015',11417,15225,26,26),(452,'20060925','Returned','20060926','20061016',11412,15224,14,14),(453,'20060926','Returned','20060926','20061012',11419,15241,13,29),(454,'20060927','Returned','20060928','20061010',11419,15242,14,24),(455,'20060928','Returned','20060928','20061012',11415,15243,15,13),(456,'20060929','Returned','20060929','20061003',11417,15243,13,17),(457,'20060930','Returned','20060930','20061008',11416,15249,17,25),(458,'20061001','Returned','20061001','20061010',11413,15240,18,18),(459,'20061002','Returned','20061002','20061018',11419,15247,19,35),(460,'20061003','Returned','20061003','20061004',11411,15243,17,18),(461,'20061004','Returned','20061004','20061007',11411,15243,18,20),(462,'20061005','Returned','20061006','20061010',11416,15244,22,26),(463,'20061006','Returned','20061007','20061016',11411,15243,20,32),(464,'20061007','Returned','20061010','20061016',11419,15242,24,30),(465,'20061008','Returned','20061008','20061014',11412,15249,25,31),(466,'20061009','Returned','20061010','20061014',11415,15244,26,26),(467,'20061010','Returned','20061010','20061016',11415,15245,27,33),(468,'20061011','Returned','20061012','20061019',11414,15248,10,28),(469,'20061012','Returned','20061012','20061024',11416,15241,29,40),(470,'20061013','Returned','20061016','20061018',11413,15242,30,16),(471,'20061014','Returned','20061014','20061019',11415,15249,31,31),(472,'20061015','Returned','20061016','20061023',11410,15243,32,32),(473,'20061016','Returned','20061016','20061020',11413,15245,33,37),(474,'20061017','Returned','20061018','20061025',11414,15242,16,34),(475,'20061018','Returned','20061018','20061022',11413,15247,35,36),(476,'20061019','Returned','20061022','20061027',11418,15247,36,36),(477,'20061020','Returned','20061020','20061025',11415,15245,37,37),(478,'20061021','Returned','20061021','20061022',11411,15261,17,18),(479,'20061022','Returned','20061022','20061028',11411,15261,18,24),(480,'20061023','Returned','20061024','20061111',11410,15241,40,40),(481,'20061024','Returned','20061024','20061026',11410,15280,1,3),(482,'20061025','Returned','20061028','20061027',11417,15263,19,21),(483,'20061026','Returned','20061026','20061110',11410,15280,3,7),(484,'20061027','Returned','20061027','20061108',11417,15263,21,16),(485,'20061028','Returned','20061028','20061112',11411,15261,24,25),(486,'20061029','Returned','20061029','20061103',11411,15261,25,30),(487,'20061030','Returned','20061030','20061112',11418,15280,7,8),(488,'20061031','Returned','20061031','20061103',11415,15280,8,10),(489,'20061101','Returned','20061101','20061106',11411,15264,25,25),(490,'20061102','Returned','20061103','20061105',11418,15280,10,13),(491,'20061103','Returned','20061103','20061107',11412,15261,30,31),(492,'20061104','Returned','20061107','20061125',11412,15261,31,31),(493,'20061105','Returned','20061105','20061109',11415,15280,13,16),(494,'20061106','Returned','20061109','20061111',11459,15282,12,18),(495,'20061107','Returned','20061108','20061128',11412,15263,16,16),(496,'20061108','Returned','20061109','20061129',11413,15280,16,36),(497,'20061109','Returned','20061109','20061210',11417,15284,13,13),(498,'20061110','Returned','20061110','20061118',11414,15260,19,18),(499,'20061111','Returned','20061112','20061119',11414,15259,20,19),(500,'20061112','Returned','20061115','20061210',11412,15300,21,18),(501,'20061113','Returned','20061113','20061118',11559,15301,21,14),(502,'20061114','Returned','20061114','20061215',11552,15302,18,18),(503,'20061115','Returned','20061115','20061120',11559,15303,23,8),(504,'20061116','Returned','20061119','20061124',11554,15304,24,13),(505,'20061117','Returned','20061118','20061218',11557,15305,26,26),(506,'20061118','Returned','20061119','20061127',11556,15306,26,26),(507,'20061119','Returned','20061119','20061127',11554,15307,27,16),(508,'20061120','Returned','20061121','20061128',11550,15308,28,28),(509,'20061121','Returned','20061121','20061129',11550,15309,29,29),(510,'20061122','Returned','20061125','20061210',11554,15310,30,11),(511,'20061123','Returned','20061124','20061126',11557,15297,14,15),(512,'20061124','Returned','20061127','20061126',11557,15297,15,16),(513,'20061125','Returned','20061126','20061126',11557,15297,16,17),(514,'20061126','Returned','20061126','20061127',11558,15297,17,18),(515,'20061127','Returned','20061127','20061215',11558,15297,18,18),(516,'20061128','Returned','20061128','20061129',11556,15280,36,37),(517,'20061129','Returned','20061129','20061201',11550,15280,37,39),(518,'20061130','Returned','20061130','20061215',11535,15300,18,18),(519,'20061201','Returned','20061201','20061209',11550,15280,39,39),(520,'20061202','Returned','20061203','20061209',11551,15327,40,7),(521,'20061203','Returned','20061203','20070108',11551,15321,1,18),(522,'20061204','Returned','20061205','20061213',11535,15322,20,11),(523,'20061205','Returned','20061205','20061219',11558,15323,24,16),(524,'20061206','Returned','20061207','20061215',11556,15324,4,13),(525,'20061207','Returned','20061207','20061217',11553,15325,5,15),(526,'20061208','Returned','20061208','20070112',11559,15326,6,40),(527,'20061209','Returned','20061209','20070102',11554,15327,7,31),(528,'20061210','Returned','20061211','20061220',11553,15328,8,18),(529,'20061211','Returned','20061211','20061221',11554,15329,9,19),(530,'20061212','Returned','20061213','20061221',11553,15330,10,10),(531,'20061213','Returned','20061213','20061222',11553,15322,11,11),(532,'20061214','Returned','20061214','20061216',11558,15317,15,17),(533,'20061215','Returned','20061215','20061219',11553,15324,13,17),(534,'20061216','Returned','20061216','20070117',11557,15317,17,17),(535,'20061217','Returned','20061217','20061225',11550,15325,15,15),(536,'20061218','Returned','20061219','20070106',11551,15323,16,34),(537,'20061219','Returned','20061219','20070106',11551,15324,17,35),(538,'20061220','Returned','20061220','20070110',11550,15328,18,39),(539,'20061221','Returned','20061221','20061229',11550,15329,19,19),(540,'20061222','Returned','20061223','20070108',11535,15340,20,16),(541,'20061223','Returned','20061223','20061228',11551,15341,21,21),(542,'20061224','Returned','20061225','20070113',11513,15342,26,26),(543,'20061225','Returned','20061225','20070105',11514,15343,23,9),(544,'20061226','Returned','20061226','20070114',11518,15344,24,24),(545,'20061227','Returned','20061227','20070112',11519,15345,25,11),(546,'20061228','Returned','20061228','20070119',11517,15346,29,11),(547,'20061229','Returned','20061229','20070114',11519,15347,9,13),(548,'20061230','Returned','20061230','20070115',11551,15348,28,28),(549,'20061231','Returned','20061231','20070119',11550,15349,29,29),(550,'20070101','Returned','20070101','20070109',11550,15350,30,30),(551,'20070102','Returned','20070102','20070107',11515,15327,31,31),(552,'20070103','Returned','20070106','20070105',11519,15343,9,10),(553,'20070104','Returned','20070105','20070118',11519,15343,10,21),(554,'20070105','Returned','20070106','20070113',11518,15323,34,34),(556,'20070107','Returned','20070108','20070118',11512,15340,16,26),(557,'20070108','Returned','20070108','20070117',11513,15321,18,18),(558,'20070109','Returned','20070110','20070114',11511,15324,38,38),(559,'20070110','Returned','20070110','20070118',11518,15328,39,39),(560,'20070111','Returned','20070112','20070116',11511,15326,40,40),(561,'20070112','Returned','20070112','20070203',11515,15367,1,22),(562,'20070113','Returned','20070113','20070122',11516,15316,23,23),(563,'20070114','Returned','20070114','20070124',11511,15369,3,13),(564,'20070115','Returned','20070118','20070120',11519,15343,21,11),(565,'20070116','Returned','20070116','20070123',11511,15361,5,10),(566,'20070117','Returned','20070118','20070118',11517,15340,26,27),(567,'20070118','Returned','20070118','20070120',11512,15340,27,29),(568,'20070119','Returned','20070119','20070128',11516,15346,11,11),(569,'20070120','Returned','20070120','20070210',11512,15340,29,18),(570,'20070121','Returned','20070122','20070213',11515,15366,10,12),(571,'20070122','Returned','20070123','20070126',11519,15361,10,12),(572,'20070123','Returned','20070126','20070127',11514,15361,12,14),(573,'20070124','Returned','20070124','20070212',11515,15369,13,20),(574,'20070125','Returned','20070126','20070128',11514,15363,14,17),(575,'20070126','Returned','20070127','20070202',11519,15361,14,20),(576,'20070127','Returned','20070127','20070218',11512,15340,18,18),(577,'20070128','Returned','20070128','20070219',11515,15363,17,38),(578,'20070129','Returned','20070129','20070205',11515,15364,18,25),(579,'20070130','Returned','20070130','20070209',11518,15368,19,10),(580,'20070131','Returned','20070131','20070207',11514,15369,20,9),(581,'20070201','Returned','20070202','20070204',11517,15361,20,22),(582,'20070202','Returned','20070203','20070207',11511,15367,22,22),(583,'20070203','Returned','20070204','20070204',11517,15361,22,23),(584,'20070204','Returned','20070204','20070206',11510,15361,23,25),(585,'20070205','Returned','20070205','20070214',11513,15364,25,25),(586,'20070206','Returned','20070206','20070210',11512,15361,25,28),(587,'20070207','Returned','20070207','20070211',11513,15369,9,31),(588,'20070208','Returned','20070209','20070217',11516,15368,10,10),(589,'20070209','Returned','20070210','20070212',11512,15361,28,31),(590,'20070210','Returned','20070213','20070219',11513,15366,12,12),(591,'20070211','Returned','20070211','20070215',11514,15369,31,34),(592,'20070212','Returned','20070212','20070213',11517,15361,31,33),(593,'20070213','Returned','20070213','20070221',11518,15361,33,33),(594,'20070214','Returned','20070215','20070219',11515,15369,34,34),(595,'20070215','Returned','20070215','20070220',11511,15360,35,35),(596,'20070216','Returned','20070216','20070317',11512,15362,17,17),(597,'20070217','Returned','20070217','20070225',11514,15365,37,37),(598,'20070218','Returned','20070219','20070223',11511,15363,38,38),(599,'20070219','Returned','20070219','20070228',11513,15357,21,21),(600,'20070220','Returned','20070221','20070228',11514,15400,40,40);
/*!40000 ALTER TABLE `orderrecord` ENABLE KEYS */;
UNLOCK TABLES;

--
-- Table structure for table `staff`
--

DROP TABLE IF EXISTS `staff`;
/*!40101 SET @saved_cs_client     = @@character_set_client */;
/*!40101 SET character_set_client = utf8 */;
CREATE TABLE `staff` (
  `StaffID` int(11) NOT NULL AUTO_INCREMENT,
  `UserID` int(11) DEFAULT NULL,
  `StaffName` varchar(255) NOT NULL,
  `StaffEmailAddress` varchar(255) NOT NULL,
  PRIMARY KEY (`StaffID`),
  KEY `UserIDStaff_FK_idx` (`UserID`),
  CONSTRAINT `UserIDStaff_FK` FOREIGN KEY (`UserID`) REFERENCES `user` (`UserID`) ON DELETE CASCADE ON UPDATE NO ACTION
) ENGINE=InnoDB DEFAULT CHARSET=latin1;
/*!40101 SET character_set_client = @saved_cs_client */;

--
-- Dumping data for table `staff`
--

LOCK TABLES `staff` WRITE;
/*!40000 ALTER TABLE `staff` DISABLE KEYS */;
/*!40000 ALTER TABLE `staff` ENABLE KEYS */;
UNLOCK TABLES;

--
-- Table structure for table `store`
--

DROP TABLE IF EXISTS `store`;
/*!40101 SET @saved_cs_client     = @@character_set_client */;
/*!40101 SET character_set_client = utf8 */;
CREATE TABLE `store` (
  `StoreID` int(11) NOT NULL AUTO_INCREMENT,
  `BranchName` varchar(255) NOT NULL,
  `BranchStreetAddress` varchar(255) NOT NULL,
  `BranchCity` varchar(255) NOT NULL,
  `BranchState` varchar(255) NOT NULL,
  `BranchPhoneNumber` varchar(255) NOT NULL,
  PRIMARY KEY (`StoreID`),
  UNIQUE KEY `BranchName_UNIQUE` (`BranchName`)
) ENGINE=InnoDB AUTO_INCREMENT=51 DEFAULT CHARSET=latin1;
/*!40101 SET character_set_client = @saved_cs_client */;

--
-- Dumping data for table `store`
--

LOCK TABLES `store` WRITE;
/*!40000 ALTER TABLE `store` DISABLE KEYS */;
INSERT INTO `store` VALUES (1,'Alexandria_stroe','3761 N. 14th St','Alexandria                    ','New South Wales','1 (11) 543 535-0162'),(2,'Coffs Harbour_store','2243 W St.','Coffs Harbour                 ','New South Wales','1 (11) 543 535-0110'),(3,'Darlinghurst_store','5844 Linden Land','Darlinghurst                  ','New South Wales','1 (11) 543 535-0184'),(4,'Goulburn_store','1825 Village Pl.','Goulburn                      ','New South Wales','1 (11) 543 535-0162'),(5,'Lane Cove_store','7553 Harness Circle','Lane Cove                     ','New South Wales','1 (11) 543 535-0131'),(6,'Lavender Bay_store','7305 Humphrey Drive','Lavender Bay                  ','New South Wales','1 (11) 543 535-0151'),(7,'Malabar_store','2612 Berry Dr','Malabar                       ','New South Wales','1 (11) 543 535-0184'),(8,'Matraville_store','942 Brook Street','Matraville                    ','New South Wales','1 (11) 543 535-0126'),(9,'Milsons Point_store','624 Peabody Road','Milsons Point                 ','New South Wales','1 (11) 543 535-0164'),(10,'Newcastle_store','3839 Northgate Road','Newcastle                     ','New South Wales','1 (11) 543 535-0110'),(11,'North Ryde_store','7800 Corrinne Court','North Ryde                    ','New South Wales','1 (11) 543 535-0169'),(12,'North Sydney_store','1224 Shoenic','North Sydney                  ','New South Wales','1 (11) 543 535-0117'),(13,'Port Macquarie_store','4785 Scott Street','Port Macquarie                ','New South Wales','717-535-0164'),(14,'Rhodes_store','7902 Hudson Ave.','Rhodes                        ','New South Wales','817-535-0185'),(15,'Silverwater_store','9011 Tank Drive','Silverwater                   ','New South Wales','431-535-0156'),(16,'Springwood_store','244 Willow Pass Road','Springwood                    ','New South Wales','208-535-0142'),(17,'St. Leonards_store','9666 Northridge Ct.','St. Leonards                  ','New South Wales','135-535-0171'),(18,'Sydney_store','7330 Saddlehill Lane','Sydney                        ','New South Wales','1 (11) 543 535-0195'),(19,'Wollongong_store','244 Rivewview','Wollongong                    ','New South Wales','1 (11) 543 535-0137'),(20,'Brisbane_store','7832 Landing Dr','Brisbane                      ','Queensland','262-535-0112'),(21,'Caloundra_store','7156 Rose Dr.','Caloundra                     ','Queensland','550-535-0163'),(22,'East Brisbane_store','8148 W. Lake Dr.','East Brisbane                 ','Queensland','622-535-0158'),(23,'Gold Coast_store','1769 Nicholas Drive','Gold Coast                    ','Queensland','589-535-0185'),(24,'Hawthorne_store','4499 Valley Crest','Hawthorne                     ','Queensland','452-535-0188'),(25,'Hervey Bay_store','8734 Oxford Place','Hervey Bay                    ','Queensland','746-535-0186'),(26,'Rockhampton_store','2596 Franklin Canyon Road','Rockhampton                   ','Queensland','1 (11) 543 535-0178'),(27,'Townsville_store','8211 Leeds Ct.','Townsville                    ','Queensland','1 (11) 543 535-0131'),(28,'Cloverdale_store','213 Valencia Place','Cloverdale                    ','South Australia','1 (11) 543 535-0184'),(29,'Findon_store','9111 Rose Ann Ave','Findon                        ','South Australia','1 (11) 543 535-0116'),(30,'Perth_store','6385 Mark Twain','Perth                         ','South Australia','1 (11) 543 535-0146'),(31,'Hobart_store','636 Vine Hill Way','Hobart                        ','Tasmania','1 (11) 543 535-0182'),(32,'Bendigo_store','6465 Detroit Ave.','Bendigo                       ','Victoria','1 (11) 543 535-0195'),(33,'Cranbourne_store','626 Bentley Street','Cranbourne                    ','Victoria','1 (11) 543 535-0169'),(34,'Geelong_store','5927 Rainbow Dr','Geelong                       ','Victoria','1 (11) 543 535-0137'),(35,'Melbourne_store','5167 Condor Place','Melbourne                     ','Victoria','1 (11) 543 535-0136'),(36,'Melton_store','1873 Mt. Whitney Dr','Melton                        ','Victoria','1 (11) 543 535-0177'),(37,'Seaford_store','3981 Augustine Drive','Seaford                       ','Victoria','115-535-0183'),(38,'South Melbourne_store','8915 Woodside Way','South Melbourne               ','Victoria','229-535-0112'),(39,'Sunbury_store','8357 Sandy Cove Lane','Sunbury                       ','Victoria','1 (11) 543 535-0114'),(40,'Warrnambool_store','9353 Creekside Dr.','Warrnambool                   ','Victoria','1 (11) 543 535-0183');
/*!40000 ALTER TABLE `store` ENABLE KEYS */;
UNLOCK TABLES;

--
-- Table structure for table `user`
--

DROP TABLE IF EXISTS `user`;
/*!40101 SET @saved_cs_client     = @@character_set_client */;
/*!40101 SET character_set_client = utf8 */;
CREATE TABLE `user` (
  `UserID` int(11) NOT NULL AUTO_INCREMENT,
  `Username` varchar(255) NOT NULL,
  `UserEmail` varchar(255) NOT NULL,
  `UserCliearanceLevel` int(11) NOT NULL,
  `UserPassword` varchar(255) NOT NULL,
  PRIMARY KEY (`UserID`),
  UNIQUE KEY `UserEmail_UNIQUE` (`UserEmail`),
  UNIQUE KEY `Username_UNIQUE` (`Username`)
) ENGINE=InnoDB DEFAULT CHARSET=latin1;
/*!40101 SET character_set_client = @saved_cs_client */;

--
-- Dumping data for table `user`
--

LOCK TABLES `user` WRITE;
/*!40000 ALTER TABLE `user` DISABLE KEYS */;
/*!40000 ALTER TABLE `user` ENABLE KEYS */;
UNLOCK TABLES;
/*!40103 SET TIME_ZONE=@OLD_TIME_ZONE */;

/*!40101 SET SQL_MODE=@OLD_SQL_MODE */;
/*!40014 SET FOREIGN_KEY_CHECKS=@OLD_FOREIGN_KEY_CHECKS */;
/*!40014 SET UNIQUE_CHECKS=@OLD_UNIQUE_CHECKS */;
/*!40101 SET CHARACTER_SET_CLIENT=@OLD_CHARACTER_SET_CLIENT */;
/*!40101 SET CHARACTER_SET_RESULTS=@OLD_CHARACTER_SET_RESULTS */;
/*!40101 SET COLLATION_CONNECTION=@OLD_COLLATION_CONNECTION */;
/*!40111 SET SQL_NOTES=@OLD_SQL_NOTES */;

-- Dump completed on 2018-09-01  1:29:12
